INSERT INTO user (id,email,active,password) VALUES (2,"eget.venenatis.a@Aliquamerat.co.uk",1,"d033e22ae348aeb5660fc2140aec35850c4da997");
INSERT INTO user (id,email,active,password) VALUES (3,"enim@Proinvelarcu.edu",1,"d033e22ae348aeb5660fc2140aec35850c4da997");
INSERT INTO user (id,email,active,password) VALUES (4,"vitae.posuere.at@sem.co.uk",1,"d033e22ae348aeb5660fc2140aec35850c4da997");
INSERT INTO user (id,email,active,password) VALUES (5,"Mauris@Nullamvitae.ca",1,"d033e22ae348aeb5660fc2140aec35850c4da997");
INSERT INTO user (id,email,active,password) VALUES (6,"iaculis@gravida.org",1,"d033e22ae348aeb5660fc2140aec35850c4da997");
INSERT INTO user (id,email,active,password) VALUES (7,"rhoncus.id.mollis@elitdictum.ca",1,"d033e22ae348aeb5660fc2140aec35850c4da997");
INSERT INTO user (id,email,active,password) VALUES (8,"Curae.Donec.tincidunt@Maecenas.edu",1,"d033e22ae348aeb5660fc2140aec35850c4da997");
INSERT INTO user (id,email,active,password) VALUES (9,"volutpat.Nulla@elit.net",1,"d033e22ae348aeb5660fc2140aec35850c4da997");
INSERT INTO user (id,email,active,password) VALUES (10,"convallis.in.cursus@utodio.ca",1,"d033e22ae348aeb5660fc2140aec35850c4da997");
INSERT INTO user (id,email,active,password) VALUES (11,"erat@lacusAliquamrutrum.net",1,"d033e22ae348aeb5660fc2140aec35850c4da997");
INSERT INTO user (id,email,active,password) VALUES (12,"ante@lacus.net",1,"d033e22ae348aeb5660fc2140aec35850c4da997");
INSERT INTO user (id,email,active,password) VALUES (13,"sed@dictumsapien.net",1,"d033e22ae348aeb5660fc2140aec35850c4da997");
INSERT INTO user (id,email,active,password) VALUES (14,"est@afacilisis.ca",1,"d033e22ae348aeb5660fc2140aec35850c4da997");
INSERT INTO user (id,email,active,password) VALUES (15,"eleifend.Cras@Ut.co.uk",1,"d033e22ae348aeb5660fc2140aec35850c4da997");
INSERT INTO user (id,email,active,password) VALUES (16,"Aliquam@convallisligula.org",1,"d033e22ae348aeb5660fc2140aec35850c4da997");
INSERT INTO user (id,email,active,password) VALUES (17,"turpis.nec.mauris@mipedenonummy.com",1,"d033e22ae348aeb5660fc2140aec35850c4da997");
INSERT INTO user (id,email,active,password) VALUES (18,"rutrum@sedturpisnec.org",1,"d033e22ae348aeb5660fc2140aec35850c4da997");
INSERT INTO user (id,email,active,password) VALUES (19,"eu@laciniaatiaculis.edu",1,"d033e22ae348aeb5660fc2140aec35850c4da997");
INSERT INTO user (id,email,active,password) VALUES (20,"dictum.magna.Ut@vitaeodiosagittis.ca",1,"d033e22ae348aeb5660fc2140aec35850c4da997");
INSERT INTO user (id,email,active,password) VALUES (21,"vel.lectus.Cum@Inornaresagittis.org",1,"d033e22ae348aeb5660fc2140aec35850c4da997");
INSERT INTO user (id,email,active,password) VALUES (22,"Sed.diam.lorem@cursusetmagna.ca",1,"d033e22ae348aeb5660fc2140aec35850c4da997");
INSERT INTO user (id,email,active,password) VALUES (23,"mauris@nisiAenean.edu",1,"d033e22ae348aeb5660fc2140aec35850c4da997");
INSERT INTO user (id,email,active,password) VALUES (24,"auctor.ullamcorper.nisl@Loremipsum.co.uk",1,"d033e22ae348aeb5660fc2140aec35850c4da997");
INSERT INTO user (id,email,active,password) VALUES (25,"mi@consequat.edu",1,"d033e22ae348aeb5660fc2140aec35850c4da997");
INSERT INTO user (id,email,active,password) VALUES (26,"nonummy@sempererat.org",1,"d033e22ae348aeb5660fc2140aec35850c4da997");
INSERT INTO user (id,email,active,password) VALUES (27,"turpis@malesuada.net",1,"d033e22ae348aeb5660fc2140aec35850c4da997");
INSERT INTO user (id,email,active,password) VALUES (28,"ut@magnaNam.edu",1,"d033e22ae348aeb5660fc2140aec35850c4da997");
INSERT INTO user (id,email,active,password) VALUES (29,"purus.Nullam@sedorcilobortis.ca",1,"d033e22ae348aeb5660fc2140aec35850c4da997");
INSERT INTO user (id,email,active,password) VALUES (30,"leo.Vivamus.nibh@loremegetmollis.com",1,"d033e22ae348aeb5660fc2140aec35850c4da997");
INSERT INTO user (id,email,active,password) VALUES (31,"nec.urna.suscipit@turpisAliquam.edu",1,"d033e22ae348aeb5660fc2140aec35850c4da997");
INSERT INTO user (id,email,active,password) VALUES (32,"odio@eu.org",1,"d033e22ae348aeb5660fc2140aec35850c4da997");
INSERT INTO user (id,email,active,password) VALUES (33,"libero@tellus.edu",1,"d033e22ae348aeb5660fc2140aec35850c4da997");
INSERT INTO user (id,email,active,password) VALUES (34,"diam.at@InfaucibusMorbi.ca",1,"d033e22ae348aeb5660fc2140aec35850c4da997");
INSERT INTO user (id,email,active,password) VALUES (35,"pharetra@risusDuis.com",1,"d033e22ae348aeb5660fc2140aec35850c4da997");
INSERT INTO user (id,email,active,password) VALUES (36,"mattis.velit@idantedictum.edu",1,"d033e22ae348aeb5660fc2140aec35850c4da997");
INSERT INTO user (id,email,active,password) VALUES (37,"faucibus@ligula.net",1,"d033e22ae348aeb5660fc2140aec35850c4da997");
INSERT INTO user (id,email,active,password) VALUES (38,"aliquam.eu@sem.co.uk",1,"d033e22ae348aeb5660fc2140aec35850c4da997");
INSERT INTO user (id,email,active,password) VALUES (39,"et.ultrices.posuere@Cras.ca",1,"d033e22ae348aeb5660fc2140aec35850c4da997");
INSERT INTO user (id,email,active,password) VALUES (40,"suscipit@at.org",1,"d033e22ae348aeb5660fc2140aec35850c4da997");
INSERT INTO user (id,email,active,password) VALUES (41,"enim@Quisque.edu",1,"d033e22ae348aeb5660fc2140aec35850c4da997");
INSERT INTO user (id,email,active,password) VALUES (42,"Sed@pedeCum.co.uk",1,"d033e22ae348aeb5660fc2140aec35850c4da997");
INSERT INTO user (id,email,active,password) VALUES (43,"tellus@Cumsociis.com",1,"d033e22ae348aeb5660fc2140aec35850c4da997");
INSERT INTO user (id,email,active,password) VALUES (44,"pharetra.ut.pharetra@metusvitae.ca",1,"d033e22ae348aeb5660fc2140aec35850c4da997");
INSERT INTO user (id,email,active,password) VALUES (45,"rutrum.non@adipiscingnon.edu",1,"d033e22ae348aeb5660fc2140aec35850c4da997");
INSERT INTO user (id,email,active,password) VALUES (46,"lorem.luctus.ut@Namnullamagna.com",1,"d033e22ae348aeb5660fc2140aec35850c4da997");
INSERT INTO user (id,email,active,password) VALUES (47,"quam@ac.ca",1,"d033e22ae348aeb5660fc2140aec35850c4da997");
INSERT INTO user (id,email,active,password) VALUES (48,"penatibus@lacusNullatincidunt.co.uk",1,"d033e22ae348aeb5660fc2140aec35850c4da997");
INSERT INTO user (id,email,active,password) VALUES (49,"Donec.est@eu.org",1,"d033e22ae348aeb5660fc2140aec35850c4da997");
INSERT INTO user (id,email,active,password) VALUES (50,"cursus.et.eros@Donec.com",1,"d033e22ae348aeb5660fc2140aec35850c4da997");
INSERT INTO user (id,email,active,password) VALUES (51,"sit.amet@Donecegestas.co.uk",1,"d033e22ae348aeb5660fc2140aec35850c4da997");
INSERT INTO user (id,email,active,password) VALUES (52,"Quisque@nec.net",1,"d033e22ae348aeb5660fc2140aec35850c4da997");
INSERT INTO user (id,email,active,password) VALUES (53,"at.pede.Cras@tempor.com",1,"d033e22ae348aeb5660fc2140aec35850c4da997");
INSERT INTO user (id,email,active,password) VALUES (54,"ut.ipsum.ac@ipsumSuspendissesagittis.co.uk",1,"d033e22ae348aeb5660fc2140aec35850c4da997");
INSERT INTO user (id,email,active,password) VALUES (55,"feugiat.tellus@dis.org",1,"d033e22ae348aeb5660fc2140aec35850c4da997");
INSERT INTO user (id,email,active,password) VALUES (56,"placerat.eget.venenatis@sitamet.edu",1,"d033e22ae348aeb5660fc2140aec35850c4da997");
INSERT INTO user (id,email,active,password) VALUES (57,"ad@Aeneanmassa.net",1,"d033e22ae348aeb5660fc2140aec35850c4da997");
INSERT INTO user (id,email,active,password) VALUES (58,"ornare.sagittis.felis@ut.edu",1,"d033e22ae348aeb5660fc2140aec35850c4da997");
INSERT INTO user (id,email,active,password) VALUES (59,"vitae.erat@lectus.org",1,"d033e22ae348aeb5660fc2140aec35850c4da997");
INSERT INTO user (id,email,active,password) VALUES (60,"pede.sagittis.augue@etliberoProin.org",1,"d033e22ae348aeb5660fc2140aec35850c4da997");
INSERT INTO user (id,email,active,password) VALUES (61,"aliquet.sem@Vivamusnonlorem.org",1,"d033e22ae348aeb5660fc2140aec35850c4da997");
INSERT INTO user (id,email,active,password) VALUES (62,"Sed.eu@sed.net",1,"d033e22ae348aeb5660fc2140aec35850c4da997");
INSERT INTO user (id,email,active,password) VALUES (63,"nulla@Vivamuseuismod.ca",1,"d033e22ae348aeb5660fc2140aec35850c4da997");
INSERT INTO user (id,email,active,password) VALUES (64,"malesuada.vel@cubilia.edu",1,"d033e22ae348aeb5660fc2140aec35850c4da997");
INSERT INTO user (id,email,active,password) VALUES (65,"blandit.Nam.nulla@loremipsum.net",1,"d033e22ae348aeb5660fc2140aec35850c4da997");
INSERT INTO user (id,email,active,password) VALUES (66,"Integer.urna@lorem.ca",1,"d033e22ae348aeb5660fc2140aec35850c4da997");
INSERT INTO user (id,email,active,password) VALUES (67,"odio.semper@eu.edu",1,"d033e22ae348aeb5660fc2140aec35850c4da997");
INSERT INTO user (id,email,active,password) VALUES (68,"elit.pellentesque.a@leo.net",1,"d033e22ae348aeb5660fc2140aec35850c4da997");
INSERT INTO user (id,email,active,password) VALUES (69,"eget.massa.Suspendisse@Suspendissenon.edu",1,"d033e22ae348aeb5660fc2140aec35850c4da997");
INSERT INTO user (id,email,active,password) VALUES (70,"elit.a.feugiat@iaculisenim.com",1,"d033e22ae348aeb5660fc2140aec35850c4da997");
INSERT INTO user (id,email,active,password) VALUES (71,"luctus@metusVivamuseuismod.org",1,"d033e22ae348aeb5660fc2140aec35850c4da997");
INSERT INTO user (id,email,active,password) VALUES (72,"sit.amet.metus@adipiscingelit.ca",1,"d033e22ae348aeb5660fc2140aec35850c4da997");
INSERT INTO user (id,email,active,password) VALUES (73,"eu.dolor.egestas@sollicitudincommodoipsum.org",1,"d033e22ae348aeb5660fc2140aec35850c4da997");
INSERT INTO user (id,email,active,password) VALUES (74,"ac.turpis.egestas@quis.edu",1,"d033e22ae348aeb5660fc2140aec35850c4da997");
INSERT INTO user (id,email,active,password) VALUES (75,"Morbi@eget.edu",1,"d033e22ae348aeb5660fc2140aec35850c4da997");
INSERT INTO user (id,email,active,password) VALUES (76,"quis@Nulla.ca",1,"d033e22ae348aeb5660fc2140aec35850c4da997");
INSERT INTO user (id,email,active,password) VALUES (77,"magnis@sapiencursus.ca",1,"d033e22ae348aeb5660fc2140aec35850c4da997");
INSERT INTO user (id,email,active,password) VALUES (78,"luctus@egestasa.com",1,"d033e22ae348aeb5660fc2140aec35850c4da997");
INSERT INTO user (id,email,active,password) VALUES (79,"sed.sem.egestas@mollislectuspede.edu",1,"d033e22ae348aeb5660fc2140aec35850c4da997");
INSERT INTO user (id,email,active,password) VALUES (80,"feugiat@Classaptent.net",1,"d033e22ae348aeb5660fc2140aec35850c4da997");
INSERT INTO user (id,email,active,password) VALUES (81,"ornare.elit@maurisutmi.net",1,"d033e22ae348aeb5660fc2140aec35850c4da997");
INSERT INTO user (id,email,active,password) VALUES (82,"sit.amet.metus@litoratorquentper.org",1,"d033e22ae348aeb5660fc2140aec35850c4da997");
INSERT INTO user (id,email,active,password) VALUES (83,"dictum.augue@duiinsodales.ca",1,"d033e22ae348aeb5660fc2140aec35850c4da997");
INSERT INTO user (id,email,active,password) VALUES (84,"a.felis@SuspendisseeleifendCras.com",1,"d033e22ae348aeb5660fc2140aec35850c4da997");
INSERT INTO user (id,email,active,password) VALUES (85,"justo@In.ca",1,"d033e22ae348aeb5660fc2140aec35850c4da997");
INSERT INTO user (id,email,active,password) VALUES (86,"montes.nascetur@ornareFusce.com",1,"d033e22ae348aeb5660fc2140aec35850c4da997");
INSERT INTO user (id,email,active,password) VALUES (87,"euismod.in.dolor@lacinia.com",1,"d033e22ae348aeb5660fc2140aec35850c4da997");
INSERT INTO user (id,email,active,password) VALUES (88,"bibendum@elit.org",1,"d033e22ae348aeb5660fc2140aec35850c4da997");
INSERT INTO user (id,email,active,password) VALUES (89,"non.sollicitudin.a@gravida.org",1,"d033e22ae348aeb5660fc2140aec35850c4da997");
INSERT INTO user (id,email,active,password) VALUES (90,"ullamcorper.velit@egetmassaSuspendisse.ca",1,"d033e22ae348aeb5660fc2140aec35850c4da997");
INSERT INTO user (id,email,active,password) VALUES (91,"lacus@DonectinciduntDonec.com",1,"d033e22ae348aeb5660fc2140aec35850c4da997");
INSERT INTO user (id,email,active,password) VALUES (92,"senectus.et.netus@Donec.org",1,"d033e22ae348aeb5660fc2140aec35850c4da997");
INSERT INTO user (id,email,active,password) VALUES (93,"tincidunt.orci.quis@lacusQuisqueimperdiet.org",1,"d033e22ae348aeb5660fc2140aec35850c4da997");
INSERT INTO user (id,email,active,password) VALUES (94,"molestie.sodales@tellusPhasellus.net",1,"d033e22ae348aeb5660fc2140aec35850c4da997");
INSERT INTO user (id,email,active,password) VALUES (95,"ut.nisi.a@arcuac.org",1,"d033e22ae348aeb5660fc2140aec35850c4da997");
INSERT INTO user (id,email,active,password) VALUES (96,"venenatis@Nullamscelerisqueneque.org",1,"d033e22ae348aeb5660fc2140aec35850c4da997");
INSERT INTO user (id,email,active,password) VALUES (97,"vitae.erat.Vivamus@lectus.org",1,"d033e22ae348aeb5660fc2140aec35850c4da997");
INSERT INTO user (id,email,active,password) VALUES (98,"mollis@lorem.co.uk",1,"d033e22ae348aeb5660fc2140aec35850c4da997");
INSERT INTO user (id,email,active,password) VALUES (99,"sagittis.lobortis@enimCurabiturmassa.edu",1,"d033e22ae348aeb5660fc2140aec35850c4da997");
INSERT INTO user (id,email,active,password) VALUES (100,"fames.ac.turpis@velsapien.net",1,"d033e22ae348aeb5660fc2140aec35850c4da997");
INSERT INTO user (id,email,active,password) VALUES (101,"varius@musProin.net",1,"d033e22ae348aeb5660fc2140aec35850c4da997");



INSERT INTO tag (id,tag) VALUES (1,"Al");
INSERT INTO tag (id,tag) VALUES (2,"PI");
INSERT INTO tag (id,tag) VALUES (3,"Noord Brabant");
INSERT INTO tag (id,tag) VALUES (4,"SI");
INSERT INTO tag (id,tag) VALUES (5,"YK");
INSERT INTO tag (id,tag) VALUES (6,"British Columbia");
INSERT INTO tag (id,tag) VALUES (7,"Luxemburg");
INSERT INTO tag (id,tag) VALUES (8,"PE");
INSERT INTO tag (id,tag) VALUES (9,"Newfoundland and Labrador");
INSERT INTO tag (id,tag) VALUES (10,"South Island");
INSERT INTO tag (id,tag) VALUES (11,"MO");
INSERT INTO tag (id,tag) VALUES (12,"Bretagne");
INSERT INTO tag (id,tag) VALUES (13,"Gelderland");
INSERT INTO tag (id,tag) VALUES (14,"GA");
INSERT INTO tag (id,tag) VALUES (15,"Basilicata");

INSERT INTO task (id,token,title,description,owner,budget_type,budget,salary) VALUES (2,"e3zk0x32","velit","mi lorem, vehicula et, rutrum eu, ultrices sit amet, risus. Donec nibh enim, gravida sit amet, dapibus id, blandit at, nisi. Cum sociis natoque penatibus et magnis dis parturient montes, nascetur ridiculus mus. Proin vel nisl. Quisque fringilla euismod enim. Etiam gravida molestie arcu. Sed eu nibh vulputate mauris sagittis placerat. Cras dictum ultricies ligula. Nullam enim. Sed nulla ante, iaculis nec, eleifend non, dapibus rutrum, justo. Praesent luctus. Curabitur egestas nunc sed libero. Proin sed turpis nec mauris blandit mattis. Cras eget nisi dictum",3,3,"0.99", 1);
INSERT INTO task (id,token,title,description,owner,budget_type,budget,salary) VALUES (3,"ph0xzp8i","ligula consectetuer rhoncus.","neque non quam. Pellentesque habitant morbi tristique senectus et netus et malesuada fames ac turpis egestas. Aliquam fringilla cursus purus. Nullam scelerisque neque sed sem egestas blandit. Nam nulla magna, malesuada vel, convallis in, cursus et, eros. Proin ultrices. Duis volutpat nunc sit amet metus. Aliquam erat volutpat. Nulla facilisis. Suspendisse commodo tincidunt nibh. Phasellus nulla. Integer vulputate, risus a ultricies adipiscing, enim mi tempor lorem,",5,2,"77.68", 1);
INSERT INTO task (id,token,title,description,owner,budget_type,budget,salary) VALUES (4,"zuq4vo60","pede.","Donec egestas. Duis ac arcu. Nunc mauris. Morbi non sapien molestie orci tincidunt adipiscing. Mauris molestie pharetra nibh. Aliquam ornare, libero at auctor ullamcorper, nisl arcu iaculis enim, sit amet ornare lectus justo eu arcu. Morbi sit amet massa. Quisque porttitor eros nec tellus. Nunc lectus pede, ultrices a, auctor non, feugiat nec, diam. Duis mi enim, condimentum eget, volutpat ornare, facilisis eget, ipsum. Donec sollicitudin adipiscing ligula. Aenean gravida",14,3,"83.69", 1);
INSERT INTO task (id,token,title,description,owner,budget_type,budget,salary) VALUES (5,"bc956700","mi eleifend egestas.","mauris. Integer sem elit, pharetra ut, pharetra sed, hendrerit a, arcu. Sed et libero. Proin mi. Aliquam gravida mauris ut mi. Duis risus odio, auctor vitae, aliquet nec, imperdiet nec, leo. Morbi neque tellus, imperdiet non, vestibulum nec, euismod",6,2,"93.81", 1);
INSERT INTO task (id,token,title,description,owner,budget_type,budget,salary) VALUES (6,"zzknldf1","ut dolor dapibus","et magnis dis parturient montes, nascetur ridiculus mus. Donec dignissim magna a tortor. Nunc commodo auctor velit. Aliquam nisl. Nulla eu neque pellentesque massa lobortis ultrices. Vivamus rhoncus. Donec est. Nunc ullamcorper, velit in aliquet lobortis, nisi nibh lacinia",14,3,"22.31", 1);
INSERT INTO task (id,token,title,description,owner,budget_type,budget,salary) VALUES (7,"lenatljh","vel, mauris.","arcu. Vestibulum ante ipsum primis in faucibus orci luctus et ultrices posuere cubilia Curae; Phasellus ornare. Fusce mollis. Duis sit amet diam eu dolor egestas rhoncus. Proin nisl sem, consequat nec, mollis vitae, posuere at, velit. Cras lorem lorem, luctus ut, pellentesque eget, dictum placerat, augue. Sed molestie. Sed id risus quis diam luctus lobortis. Class aptent taciti sociosqu ad litora torquent per conubia nostra, per inceptos hymenaeos. Mauris ut quam vel sapien imperdiet ornare. In faucibus.",8,3,"76.44", 1);
INSERT INTO task (id,token,title,description,owner,budget_type,budget,salary) VALUES (8,"70brd7rf","amet","malesuada vel, venenatis vel, faucibus id, libero. Donec consectetuer mauris id sapien. Cras dolor dolor, tempus non, lacinia at, iaculis quis, pede. Praesent eu dui. Cum sociis natoque penatibus et magnis dis parturient montes, nascetur ridiculus mus. Aenean eget magna. Suspendisse tristique neque",6,2,"97.28", 1);
INSERT INTO task (id,token,title,description,owner,budget_type,budget,salary) VALUES (9,"9pa4ma4a","Curabitur","Proin non massa non ante bibendum ullamcorper. Duis cursus, diam at pretium aliquet, metus urna convallis erat, eget tincidunt dui augue eu tellus. Phasellus elit pede, malesuada vel, venenatis vel, faucibus id, libero. Donec consectetuer mauris id sapien. Cras dolor dolor, tempus non, lacinia at, iaculis quis, pede. Praesent eu dui. Cum sociis natoque penatibus et magnis dis parturient montes, nascetur ridiculus mus. Aenean eget magna. Suspendisse tristique neque venenatis lacus. Etiam bibendum fermentum metus. Aenean sed pede nec ante blandit viverra. Donec tempus, lorem fringilla ornare placerat, orci",15,3,"72.81", 1);
INSERT INTO task (id,token,title,description,owner,budget_type,budget,salary) VALUES (10,"zeo0it0t","lobortis quis,","Vestibulum ante ipsum primis in faucibus orci luctus et ultrices posuere cubilia Curae; Donec tincidunt. Donec vitae erat vel pede blandit congue. In scelerisque scelerisque dui. Suspendisse ac metus vitae velit egestas lacinia. Sed congue, elit sed consequat auctor, nunc nulla vulputate dui, nec tempus mauris erat eget ipsum. Suspendisse sagittis. Nullam vitae diam. Proin dolor. Nulla semper tellus id nunc interdum feugiat. Sed nec metus facilisis lorem tristique",14,3,"13.69", 1);
INSERT INTO task (id,token,title,description,owner,budget_type,budget,salary) VALUES (11,"ydtho3pl","nunc","Nullam lobortis quam a felis ullamcorper viverra. Maecenas iaculis aliquet diam. Sed diam lorem, auctor quis, tristique ac, eleifend vitae, erat. Vivamus nisi. Mauris nulla. Integer urna. Vivamus molestie dapibus ligula. Aliquam erat volutpat. Nulla dignissim. Maecenas ornare egestas ligula. Nullam feugiat placerat velit. Quisque varius. Nam porttitor scelerisque neque. Nullam nisl. Maecenas malesuada fringilla est. Mauris eu turpis. Nulla aliquet. Proin velit. Sed malesuada augue ut lacus. Nulla tincidunt, neque vitae semper egestas, urna justo faucibus lectus, a sollicitudin orci sem eget massa. Suspendisse eleifend. Cras sed leo.",7,3,"40.15", 1);
INSERT INTO task (id,token,title,description,owner,budget_type,budget,salary) VALUES (12,"sq3xmj2k","erat,","eros. Proin ultrices. Duis volutpat nunc sit amet metus. Aliquam erat volutpat. Nulla facilisis. Suspendisse commodo tincidunt nibh. Phasellus nulla. Integer vulputate, risus a ultricies adipiscing, enim mi tempor lorem, eget mollis lectus pede et risus. Quisque libero lacus, varius et, euismod et, commodo at, libero. Morbi accumsan laoreet ipsum. Curabitur consequat, lectus sit amet luctus vulputate, nisi sem semper erat, in consectetuer ipsum nunc id enim. Curabitur massa. Vestibulum accumsan neque et nunc. Quisque ornare tortor",3,1,"34.13", 1);
INSERT INTO task (id,token,title,description,owner,budget_type,budget,salary) VALUES (13,"03eb38cq","ut quam vel","sem semper erat, in consectetuer ipsum nunc id enim. Curabitur massa. Vestibulum accumsan neque et nunc. Quisque ornare tortor at risus. Nunc ac sem ut dolor dapibus gravida. Aliquam tincidunt, nunc ac mattis ornare, lectus ante dictum mi, ac mattis velit justo nec ante. Maecenas mi felis, adipiscing fringilla, porttitor vulputate, posuere vulputate, lacus. Cras interdum. Nunc sollicitudin commodo ipsum. Suspendisse non leo. Vivamus nibh dolor, nonummy ac, feugiat non, lobortis quis, pede. Suspendisse dui.",14,3,"92.56", 1);
INSERT INTO task (id,token,title,description,owner,budget_type,budget,salary) VALUES (14,"cqqk0g5y","dolor sit","amet ornare lectus justo eu arcu. Morbi sit amet massa. Quisque porttitor eros nec tellus. Nunc lectus pede, ultrices a, auctor non, feugiat nec, diam. Duis mi enim, condimentum eget, volutpat ornare, facilisis eget, ipsum. Donec sollicitudin adipiscing ligula. Aenean gravida nunc sed pede. Cum sociis natoque penatibus et magnis dis parturient montes, nascetur ridiculus mus. Proin vel arcu eu odio tristique pharetra. Quisque ac libero nec ligula consectetuer rhoncus. Nullam velit dui, semper et, lacinia vitae,",10,2,"46.60", 1);
INSERT INTO task (id,token,title,description,owner,budget_type,budget,salary) VALUES (16,"12lcadn1","ad litora","Nullam velit dui, semper et, lacinia vitae, sodales at, velit. Pellentesque ultricies dignissim lacus. Aliquam rutrum lorem ac risus. Morbi metus. Vivamus euismod urna. Nullam lobortis quam a felis ullamcorper viverra. Maecenas iaculis aliquet diam. Sed diam lorem, auctor quis, tristique ac, eleifend vitae, erat. Vivamus nisi. Mauris nulla.",10,3,"51.32", 1);
INSERT INTO task (id,token,title,description,owner,budget_type,budget,salary) VALUES (17,"6r2zp5er","commodo","ac orci. Ut semper pretium neque. Morbi quis urna. Nunc quis arcu vel quam dignissim pharetra. Nam ac nulla. In tincidunt congue turpis. In condimentum. Donec at arcu. Vestibulum ante ipsum primis in faucibus orci luctus et ultrices posuere cubilia Curae; Donec tincidunt. Donec vitae erat vel pede blandit congue. In scelerisque scelerisque dui. Suspendisse ac metus vitae velit egestas lacinia. Sed congue, elit sed consequat auctor, nunc nulla vulputate dui, nec tempus mauris erat",12,3,"86.82", 1);
INSERT INTO task (id,token,title,description,owner,budget_type,budget,salary) VALUES (18,"ku3k2y9b","Curabitur egestas nunc","mauris sagittis placerat. Cras dictum ultricies ligula. Nullam enim. Sed nulla ante, iaculis nec, eleifend non, dapibus rutrum, justo. Praesent luctus. Curabitur egestas nunc sed libero. Proin sed turpis nec mauris blandit mattis.",8,3,"6.86", 1);
INSERT INTO task (id,token,title,description,owner,budget_type,budget,salary) VALUES (19,"b4zjey95","a, arcu.","turpis. Aliquam adipiscing lobortis risus. In mi pede, nonummy ut, molestie in, tempus eu, ligula. Aenean euismod mauris eu elit. Nulla facilisi. Sed neque. Sed eget lacus. Mauris non dui nec urna suscipit nonummy. Fusce fermentum fermentum arcu. Vestibulum ante ipsum primis in faucibus orci luctus et ultrices posuere cubilia Curae; Phasellus ornare. Fusce mollis. Duis sit amet diam eu dolor egestas rhoncus. Proin nisl sem, consequat nec, mollis vitae, posuere at, velit. Cras lorem lorem, luctus ut, pellentesque eget, dictum placerat, augue. Sed molestie. Sed id risus quis diam luctus lobortis. Class aptent taciti sociosqu ad",5,2,"71.28", 1);
INSERT INTO task (id,token,title,description,owner,budget_type,budget,salary) VALUES (20,"ok8pnkfj","sollicitudin adipiscing ligula.","orci sem eget massa. Suspendisse eleifend. Cras sed leo. Cras vehicula aliquet libero. Integer in magna. Phasellus dolor elit, pellentesque a, facilisis non, bibendum sed, est. Nunc laoreet lectus quis massa. Mauris vestibulum, neque sed dictum eleifend, nunc risus varius orci, in consequat enim diam vel arcu. Curabitur ut odio vel est tempor bibendum. Donec felis orci, adipiscing non, luctus sit amet, faucibus ut, nulla. Cras eu tellus eu augue porttitor interdum. Sed auctor odio a purus. Duis elementum, dui quis accumsan convallis, ante lectus convallis est, vitae sodales nisi",14,3,"2.63", 1);
INSERT INTO task (id,token,title,description,owner,budget_type,budget,salary) VALUES (21,"289g2czc","nunc risus varius","nonummy. Fusce fermentum fermentum arcu. Vestibulum ante ipsum primis in faucibus orci luctus et ultrices posuere cubilia Curae; Phasellus ornare. Fusce mollis. Duis sit amet diam eu dolor egestas rhoncus. Proin nisl sem, consequat nec, mollis vitae, posuere at,",12,3,"3.53", 1);
INSERT INTO task (id,token,title,description,owner,budget_type,budget,salary) VALUES (22,"zrmpflqh","ac turpis egestas.","ligula elit, pretium et, rutrum non, hendrerit id, ante. Nunc mauris sapien, cursus in, hendrerit consectetuer, cursus et, magna. Praesent interdum ligula eu enim. Etiam imperdiet dictum magna. Ut tincidunt orci quis lectus. Nullam suscipit, est ac facilisis facilisis, magna tellus faucibus leo, in lobortis tellus justo sit amet nulla. Donec non justo. Proin non massa non ante bibendum ullamcorper. Duis cursus, diam at pretium aliquet, metus urna convallis erat, eget tincidunt dui augue eu tellus.",9,2,"95.05", 1);
INSERT INTO task (id,token,title,description,owner,budget_type,budget,salary) VALUES (24,"zayck3mc","hendrerit consectetuer,","ac libero nec ligula consectetuer rhoncus. Nullam velit dui, semper et, lacinia vitae, sodales at, velit. Pellentesque ultricies dignissim lacus. Aliquam rutrum lorem ac risus. Morbi metus. Vivamus euismod urna. Nullam lobortis quam a felis ullamcorper viverra. Maecenas iaculis aliquet diam. Sed diam lorem, auctor quis, tristique ac, eleifend vitae, erat. Vivamus nisi. Mauris nulla. Integer urna. Vivamus molestie dapibus ligula.",12,3,"38.82", 1);
INSERT INTO task (id,token,title,description,owner,budget_type,budget,salary) VALUES (25,"1kjsn9vc","dis parturient montes,","tristique aliquet. Phasellus fermentum convallis ligula. Donec luctus aliquet odio. Etiam ligula tortor, dictum eu, placerat eget, venenatis a, magna. Lorem ipsum dolor sit amet, consectetuer adipiscing elit. Etiam laoreet, libero et",2,3,"40.52", 1);
INSERT INTO task (id,token,title,description,owner,budget_type,budget,salary) VALUES (26,"q8rui93n","pede ac","diam. Proin dolor. Nulla semper tellus id nunc interdum feugiat. Sed nec metus facilisis lorem tristique aliquet. Phasellus fermentum convallis ligula. Donec luctus aliquet odio. Etiam ligula tortor, dictum eu, placerat eget, venenatis a, magna. Lorem ipsum dolor sit amet, consectetuer adipiscing elit. Etiam laoreet, libero et tristique pellentesque, tellus sem mollis dui, in sodales elit erat",4,1,"75.62", 1);
INSERT INTO task (id,token,title,description,owner,budget_type,budget,salary) VALUES (27,"eiy8y1fm","dui nec","mi pede, nonummy ut, molestie in, tempus eu, ligula. Aenean euismod mauris eu elit. Nulla facilisi. Sed neque. Sed eget lacus. Mauris non dui nec urna suscipit nonummy. Fusce fermentum fermentum",13,2,"43.11", 1);
INSERT INTO task (id,token,title,description,owner,budget_type,budget,salary) VALUES (28,"23pcu3el","euismod mauris","ante bibendum ullamcorper. Duis cursus, diam at pretium aliquet, metus urna convallis erat, eget tincidunt dui augue eu tellus. Phasellus elit pede, malesuada vel, venenatis vel, faucibus id, libero. Donec consectetuer mauris id sapien. Cras dolor dolor, tempus",10,1,"5.28", 1);
INSERT INTO task (id,token,title,description,owner,budget_type,budget,salary) VALUES (29,"do5rmpt3","sed","ridiculus mus. Proin vel nisl. Quisque fringilla euismod enim. Etiam gravida molestie arcu. Sed eu nibh vulputate mauris sagittis placerat. Cras dictum ultricies ligula. Nullam enim. Sed nulla ante, iaculis nec, eleifend non, dapibus rutrum, justo. Praesent luctus. Curabitur egestas nunc sed libero. Proin sed turpis nec mauris blandit mattis. Cras eget nisi dictum augue malesuada malesuada. Integer id magna et ipsum cursus vestibulum. Mauris magna. Duis dignissim tempor arcu. Vestibulum ut eros non enim commodo hendrerit. Donec porttitor tellus non magna.",6,2,"98.92", 1);
INSERT INTO task (id,token,title,description,owner,budget_type,budget,salary) VALUES (30,"mbou0g0e","eu","massa. Quisque porttitor eros nec tellus. Nunc lectus pede, ultrices a, auctor non, feugiat nec, diam. Duis mi enim, condimentum eget, volutpat ornare, facilisis eget, ipsum. Donec sollicitudin adipiscing ligula. Aenean gravida nunc sed pede. Cum sociis natoque penatibus et magnis dis parturient",2,1,"71.54", 1);
INSERT INTO task (id,token,title,description,owner,budget_type,budget,salary) VALUES (31,"pxcdnhqe","ligula.","tempus non, lacinia at, iaculis quis, pede. Praesent eu dui. Cum sociis natoque penatibus et magnis dis parturient montes, nascetur ridiculus mus. Aenean eget magna. Suspendisse tristique neque venenatis lacus. Etiam bibendum fermentum metus. Aenean sed pede nec ante blandit viverra. Donec tempus, lorem fringilla ornare placerat, orci lacus vestibulum lorem,",9,2,"22.02", 1);
INSERT INTO task (id,token,title,description,owner,budget_type,budget,salary) VALUES (32,"06gvzl72","eros. Nam consequat","a nunc. In at pede. Cras vulputate velit eu sem. Pellentesque ut ipsum ac mi eleifend egestas. Sed pharetra, felis eget varius ultrices, mauris ipsum porta elit, a feugiat tellus lorem eu metus. In lorem. Donec elementum, lorem ut aliquam iaculis, lacus pede sagittis augue, eu tempor erat neque non quam. Pellentesque habitant morbi tristique senectus et netus et malesuada fames ac turpis egestas. Aliquam fringilla cursus purus. Nullam scelerisque neque sed sem egestas blandit. Nam nulla magna, malesuada vel, convallis in, cursus et, eros.",5,2,"20.92", 1);
INSERT INTO task (id,token,title,description,owner,budget_type,budget,salary) VALUES (33,"01ibg25s","ut mi.","Duis dignissim tempor arcu. Vestibulum ut eros non enim commodo hendrerit. Donec porttitor tellus non magna. Nam ligula elit, pretium et, rutrum non, hendrerit id, ante. Nunc mauris sapien, cursus in, hendrerit consectetuer, cursus et, magna. Praesent interdum ligula eu enim. Etiam imperdiet dictum magna. Ut tincidunt orci quis lectus. Nullam suscipit, est ac facilisis facilisis, magna tellus faucibus leo, in lobortis tellus justo sit amet nulla. Donec non justo. Proin non massa non ante bibendum ullamcorper. Duis cursus, diam at pretium aliquet, metus urna convallis erat,",9,2,"30.05", 1);
INSERT INTO task (id,token,title,description,owner,budget_type,budget,salary) VALUES (34,"3ie3pe85","consectetuer euismod est","hendrerit neque. In ornare sagittis felis. Donec tempor, est ac mattis semper, dui lectus rutrum urna, nec luctus felis purus ac tellus. Suspendisse sed dolor. Fusce mi lorem, vehicula et, rutrum eu, ultrices sit amet, risus. Donec nibh enim, gravida sit amet, dapibus id, blandit at, nisi. Cum sociis natoque penatibus et magnis dis parturient montes, nascetur ridiculus mus. Proin vel nisl. Quisque fringilla euismod",4,3,"19.86", 1);
INSERT INTO task (id,token,title,description,owner,budget_type,budget,salary) VALUES (35,"209fgojg","fringilla","sit amet diam eu dolor egestas rhoncus. Proin nisl sem, consequat nec, mollis vitae, posuere at, velit. Cras lorem lorem, luctus ut, pellentesque eget, dictum placerat, augue. Sed molestie. Sed id risus quis diam luctus lobortis. Class aptent taciti sociosqu ad litora torquent per conubia nostra,",13,2,"86.13", 1);
INSERT INTO task (id,token,title,description,owner,budget_type,budget,salary) VALUES (36,"jq182y0r","est, mollis","Duis a mi fringilla mi lacinia mattis. Integer eu lacus. Quisque imperdiet, erat nonummy ultricies ornare, elit elit fermentum risus, at fringilla purus mauris a nunc. In at pede. Cras vulputate velit eu sem. Pellentesque ut ipsum ac",12,3,"58.08", 1);
INSERT INTO task (id,token,title,description,owner,budget_type,budget,salary) VALUES (37,"o8sv0nds","tincidunt orci","mauris, rhoncus id, mollis nec, cursus a, enim. Suspendisse aliquet, sem ut cursus luctus, ipsum leo elementum sem, vitae aliquam eros turpis non enim. Mauris quis turpis vitae purus gravida sagittis. Duis gravida. Praesent eu nulla at sem molestie sodales. Mauris blandit enim consequat purus. Maecenas libero est, congue a, aliquet vel, vulputate eu, odio. Phasellus at augue id ante dictum cursus. Nunc mauris elit, dictum eu, eleifend nec, malesuada ut, sem. Nulla interdum. Curabitur dictum. Phasellus in felis. Nulla tempor augue ac ipsum. Phasellus vitae mauris",7,1,"18.37", 1);
INSERT INTO task (id,token,title,description,owner,budget_type,budget,salary) VALUES (38,"uilami6e","ante. Maecenas mi","eleifend non, dapibus rutrum, justo. Praesent luctus. Curabitur egestas nunc sed libero. Proin sed turpis nec mauris blandit mattis. Cras eget nisi dictum augue malesuada malesuada. Integer id magna et ipsum cursus vestibulum. Mauris magna. Duis dignissim",8,3,"20.56", 1);
INSERT INTO task (id,token,title,description,owner,budget_type,budget,salary) VALUES (39,"h4johtvr","libero","purus ac tellus. Suspendisse sed dolor. Fusce mi lorem, vehicula et, rutrum eu, ultrices sit amet, risus. Donec nibh enim, gravida sit amet, dapibus id, blandit at, nisi. Cum sociis natoque penatibus et magnis dis parturient montes, nascetur ridiculus mus. Proin vel nisl. Quisque fringilla euismod enim. Etiam gravida molestie arcu. Sed eu nibh vulputate mauris sagittis placerat.",12,2,"38.76", 1);
INSERT INTO task (id,token,title,description,owner,budget_type,budget,salary) VALUES (40,"0kp29fjm","tristique senectus","pede. Praesent eu dui. Cum sociis natoque penatibus et magnis dis parturient montes, nascetur ridiculus mus. Aenean eget magna. Suspendisse tristique neque venenatis lacus. Etiam bibendum fermentum metus. Aenean sed pede nec ante blandit viverra. Donec tempus, lorem fringilla ornare placerat, orci lacus",2,1,"40.79", 1);
INSERT INTO task (id,token,title,description,owner,budget_type,budget,salary) VALUES (41,"c273f0k1","sit","Integer vitae nibh. Donec est mauris, rhoncus id, mollis nec, cursus a, enim. Suspendisse aliquet, sem ut cursus luctus, ipsum leo elementum sem, vitae aliquam eros turpis non enim. Mauris quis turpis vitae purus gravida sagittis. Duis gravida. Praesent",7,3,"91.65", 1);
INSERT INTO task (id,token,title,description,owner,budget_type,budget,salary) VALUES (42,"iu1v5x0b","elit erat vitae","in lobortis tellus justo sit amet nulla. Donec non justo. Proin non massa non ante bibendum ullamcorper. Duis cursus, diam at pretium aliquet, metus urna convallis erat, eget tincidunt dui augue eu tellus. Phasellus elit pede, malesuada vel, venenatis vel, faucibus id, libero. Donec consectetuer mauris id sapien. Cras dolor dolor, tempus non, lacinia at, iaculis quis, pede. Praesent eu dui. Cum sociis natoque",15,3,"45.16", 1);
INSERT INTO task (id,token,title,description,owner,budget_type,budget,salary) VALUES (47,"95yr440e","ipsum porta elit,","sollicitudin adipiscing ligula. Aenean gravida nunc sed pede. Cum sociis natoque penatibus et magnis dis parturient montes, nascetur ridiculus mus. Proin vel arcu eu odio tristique pharetra. Quisque ac libero nec ligula consectetuer rhoncus. Nullam velit dui, semper et, lacinia vitae, sodales at, velit. Pellentesque ultricies dignissim",7,1,"8.58", 1);
INSERT INTO task (id,token,title,description,owner,budget_type,budget,salary) VALUES (48,"ojnf390d","lacus.","Vivamus non lorem vitae odio sagittis semper. Nam tempor diam dictum sapien. Aenean massa. Integer vitae nibh. Donec est mauris, rhoncus id, mollis nec, cursus a, enim. Suspendisse aliquet, sem ut cursus luctus, ipsum leo elementum sem, vitae aliquam eros turpis non enim. Mauris quis turpis vitae purus gravida sagittis. Duis gravida. Praesent eu nulla at sem molestie sodales. Mauris blandit enim consequat purus. Maecenas libero est, congue a, aliquet vel, vulputate eu, odio. Phasellus at augue id ante dictum cursus. Nunc mauris elit, dictum eu, eleifend nec, malesuada ut, sem. Nulla",2,1,"5.97", 1);
INSERT INTO task (id,token,title,description,owner,budget_type,budget,salary) VALUES (49,"qut9s0ya","dolor, tempus","lacus. Mauris non dui nec urna suscipit nonummy. Fusce fermentum fermentum arcu. Vestibulum ante ipsum primis in faucibus orci luctus et ultrices posuere cubilia Curae; Phasellus ornare. Fusce mollis. Duis sit amet diam eu dolor egestas rhoncus. Proin nisl sem, consequat nec, mollis vitae, posuere at, velit. Cras lorem lorem, luctus ut, pellentesque eget, dictum placerat, augue.",9,1,"97.96", 1);
INSERT INTO task (id,token,title,description,owner,budget_type,budget,salary) VALUES (51,"x4oqxnub","fringilla cursus","est ac mattis semper, dui lectus rutrum urna, nec luctus felis purus ac tellus. Suspendisse sed dolor. Fusce mi lorem, vehicula et, rutrum eu, ultrices sit amet, risus. Donec nibh enim, gravida sit amet,",13,1,"64.40", 1);
INSERT INTO task (id,token,title,description,owner,budget_type,budget,salary) VALUES (52,"y9gp7fsn","venenatis lacus. Etiam","tempor augue ac ipsum. Phasellus vitae mauris sit amet lorem semper auctor. Mauris vel turpis. Aliquam adipiscing lobortis risus. In mi pede, nonummy ut, molestie in, tempus eu, ligula. Aenean euismod mauris eu elit. Nulla facilisi. Sed neque. Sed eget lacus. Mauris non dui nec urna suscipit nonummy. Fusce fermentum fermentum arcu. Vestibulum ante ipsum primis in faucibus orci luctus et ultrices posuere cubilia Curae; Phasellus ornare. Fusce mollis. Duis sit amet diam eu dolor egestas rhoncus. Proin nisl sem, consequat nec, mollis vitae, posuere at, velit. Cras lorem lorem, luctus ut, pellentesque",15,2,"32.04", 1);
INSERT INTO task (id,token,title,description,owner,budget_type,budget,salary) VALUES (53,"1bli20jo","ut, pellentesque","litora torquent per conubia nostra, per inceptos hymenaeos. Mauris ut quam vel sapien imperdiet ornare. In faucibus. Morbi vehicula. Pellentesque tincidunt tempus risus. Donec egestas. Duis ac arcu. Nunc mauris. Morbi non sapien molestie orci tincidunt adipiscing. Mauris molestie pharetra nibh. Aliquam ornare, libero at auctor ullamcorper, nisl arcu iaculis enim, sit amet ornare lectus justo eu arcu. Morbi sit amet massa. Quisque porttitor eros nec tellus. Nunc lectus pede,",6,2,"11.90", 1);
INSERT INTO task (id,token,title,description,owner,budget_type,budget,salary) VALUES (54,"8yv7p14c","ut dolor","sagittis. Nullam vitae diam. Proin dolor. Nulla semper tellus id nunc interdum feugiat. Sed nec metus facilisis lorem tristique aliquet. Phasellus fermentum convallis ligula. Donec luctus aliquet odio. Etiam ligula tortor, dictum eu, placerat eget, venenatis a, magna. Lorem ipsum dolor sit amet, consectetuer adipiscing elit. Etiam laoreet, libero et",3,3,"68.12", 1);
INSERT INTO task (id,token,title,description,owner,budget_type,budget,salary) VALUES (55,"tisgudhj","Nullam scelerisque neque","Donec egestas. Duis ac arcu. Nunc mauris. Morbi non sapien molestie orci tincidunt adipiscing. Mauris molestie pharetra nibh. Aliquam ornare, libero at auctor ullamcorper, nisl arcu iaculis enim, sit amet ornare lectus justo eu arcu. Morbi sit",14,1,"32.04", 1);
INSERT INTO task (id,token,title,description,owner,budget_type,budget,salary) VALUES (56,"coz0thmk","Integer urna.","dapibus id, blandit at, nisi. Cum sociis natoque penatibus et magnis dis parturient montes, nascetur ridiculus mus. Proin vel nisl. Quisque fringilla euismod enim. Etiam gravida molestie arcu. Sed eu nibh vulputate mauris sagittis placerat. Cras dictum ultricies ligula. Nullam enim. Sed nulla ante, iaculis nec, eleifend non, dapibus rutrum, justo. Praesent luctus. Curabitur egestas nunc sed libero. Proin sed turpis nec mauris blandit mattis. Cras eget nisi dictum augue malesuada malesuada. Integer id magna et ipsum cursus vestibulum. Mauris magna. Duis dignissim tempor arcu. Vestibulum ut eros non enim commodo hendrerit. Donec porttitor tellus non magna. Nam ligula",14,3,"81.59", 1);
INSERT INTO task (id,token,title,description,owner,budget_type,budget,salary) VALUES (58,"q9q7zk9i","Nunc laoreet lectus","leo. Cras vehicula aliquet libero. Integer in magna. Phasellus dolor elit, pellentesque a, facilisis non, bibendum sed, est. Nunc laoreet lectus quis massa. Mauris vestibulum, neque sed dictum eleifend, nunc risus varius orci, in consequat enim diam vel arcu. Curabitur ut odio vel est tempor bibendum. Donec felis orci, adipiscing non, luctus sit amet, faucibus ut, nulla. Cras eu tellus eu augue porttitor interdum. Sed auctor odio a purus. Duis elementum, dui quis accumsan convallis, ante lectus convallis",11,1,"77.19", 1);
INSERT INTO task (id,token,title,description,owner,budget_type,budget,salary) VALUES (59,"sroeuxny","enim.","semper et, lacinia vitae, sodales at, velit. Pellentesque ultricies dignissim lacus. Aliquam rutrum lorem ac risus. Morbi metus. Vivamus euismod urna. Nullam lobortis quam a felis ullamcorper viverra. Maecenas iaculis aliquet diam. Sed diam lorem, auctor quis, tristique ac, eleifend vitae, erat. Vivamus nisi. Mauris nulla. Integer urna. Vivamus molestie dapibus ligula. Aliquam erat volutpat. Nulla dignissim. Maecenas ornare egestas ligula. Nullam feugiat placerat velit. Quisque varius. Nam porttitor scelerisque neque. Nullam nisl. Maecenas malesuada fringilla est. Mauris eu turpis. Nulla aliquet. Proin velit. Sed malesuada augue ut lacus. Nulla tincidunt, neque vitae semper egestas, urna justo faucibus lectus,",14,1,"11.36", 1);
INSERT INTO task (id,token,title,description,owner,budget_type,budget,salary) VALUES (60,"acxvj06r","eu","penatibus et magnis dis parturient montes, nascetur ridiculus mus. Proin vel arcu eu odio tristique pharetra. Quisque ac libero nec ligula consectetuer rhoncus. Nullam velit dui, semper et, lacinia vitae, sodales at, velit. Pellentesque ultricies dignissim lacus. Aliquam rutrum lorem ac risus. Morbi metus. Vivamus euismod urna. Nullam lobortis quam a felis ullamcorper viverra. Maecenas iaculis aliquet diam. Sed diam lorem, auctor quis, tristique ac, eleifend vitae, erat. Vivamus nisi. Mauris nulla. Integer urna. Vivamus molestie dapibus ligula. Aliquam erat volutpat. Nulla dignissim. Maecenas ornare egestas ligula. Nullam feugiat placerat velit. Quisque varius. Nam porttitor scelerisque neque. Nullam nisl. Maecenas",2,3,"46.11", 1);
INSERT INTO task (id,token,title,description,owner,budget_type,budget,salary) VALUES (61,"xorji650","in, hendrerit","felis orci, adipiscing non, luctus sit amet, faucibus ut, nulla. Cras eu tellus eu augue porttitor interdum. Sed auctor odio a purus. Duis elementum, dui quis accumsan convallis, ante lectus convallis est, vitae sodales nisi magna sed dui. Fusce aliquam, enim nec tempus scelerisque, lorem ipsum sodales purus,",2,1,"28.38", 1);
INSERT INTO task (id,token,title,description,owner,budget_type,budget,salary) VALUES (62,"5kutut2d","congue,","Suspendisse tristique neque venenatis lacus. Etiam bibendum fermentum metus. Aenean sed pede nec ante blandit viverra. Donec tempus, lorem fringilla ornare placerat, orci lacus vestibulum lorem, sit amet ultricies sem magna nec quam. Curabitur vel lectus. Cum sociis natoque penatibus et magnis dis parturient montes, nascetur ridiculus mus. Donec dignissim magna a tortor. Nunc commodo auctor velit. Aliquam nisl. Nulla eu neque pellentesque massa lobortis ultrices. Vivamus rhoncus. Donec est. Nunc ullamcorper, velit in aliquet lobortis, nisi nibh lacinia orci, consectetuer euismod est arcu ac orci. Ut semper pretium neque. Morbi quis urna. Nunc quis arcu vel quam",4,3,"16.15", 1);
INSERT INTO task (id,token,title,description,owner,budget_type,budget,salary) VALUES (63,"bgix3xj4","Donec","tortor, dictum eu, placerat eget, venenatis a, magna. Lorem ipsum dolor sit amet, consectetuer adipiscing elit. Etiam laoreet, libero et tristique pellentesque, tellus sem mollis dui, in sodales elit erat vitae risus. Duis a mi fringilla mi lacinia mattis. Integer eu lacus. Quisque imperdiet, erat nonummy ultricies ornare, elit elit fermentum risus, at fringilla purus mauris a nunc. In",9,1,"57.23", 1);
INSERT INTO task (id,token,title,description,owner,budget_type,budget,salary) VALUES (65,"y7273uuy","molestie. Sed id","et nunc. Quisque ornare tortor at risus. Nunc ac sem ut dolor dapibus gravida. Aliquam tincidunt, nunc ac mattis ornare, lectus ante dictum mi, ac mattis velit justo nec ante. Maecenas mi felis, adipiscing fringilla, porttitor vulputate, posuere vulputate, lacus. Cras interdum. Nunc sollicitudin commodo ipsum. Suspendisse non leo. Vivamus nibh dolor, nonummy ac, feugiat non, lobortis quis, pede. Suspendisse dui. Fusce diam nunc, ullamcorper eu, euismod ac, fermentum vel, mauris. Integer sem elit, pharetra ut, pharetra sed, hendrerit a, arcu. Sed et libero. Proin mi. Aliquam gravida mauris ut mi. Duis risus odio, auctor",10,1,"2.70", 1);
INSERT INTO task (id,token,title,description,owner,budget_type,budget,salary) VALUES (66,"7ggs19u2","Integer tincidunt aliquam","Sed eu eros. Nam consequat dolor vitae dolor. Donec fringilla. Donec feugiat metus sit amet ante. Vivamus non lorem vitae odio sagittis semper. Nam tempor diam dictum sapien. Aenean massa. Integer vitae nibh. Donec est mauris, rhoncus id, mollis nec, cursus a, enim. Suspendisse aliquet, sem ut cursus luctus, ipsum leo elementum sem, vitae aliquam eros turpis non enim. Mauris quis turpis vitae purus gravida sagittis. Duis gravida. Praesent eu nulla at sem",9,3,"77.29", 1);
INSERT INTO task (id,token,title,description,owner,budget_type,budget,salary) VALUES (67,"f5n8qy2e","elit.","Sed neque. Sed eget lacus. Mauris non dui nec urna suscipit nonummy. Fusce fermentum fermentum arcu. Vestibulum ante ipsum primis in faucibus orci luctus et ultrices posuere cubilia Curae; Phasellus ornare. Fusce mollis. Duis sit amet diam eu dolor egestas rhoncus. Proin nisl sem, consequat nec, mollis vitae, posuere at, velit. Cras lorem lorem, luctus ut, pellentesque eget, dictum placerat, augue. Sed molestie. Sed",8,3,"63.94", 1);
INSERT INTO task (id,token,title,description,owner,budget_type,budget,salary) VALUES (68,"teconr6b","nulla.","in lobortis tellus justo sit amet nulla. Donec non justo. Proin non massa non ante bibendum ullamcorper. Duis cursus, diam at pretium aliquet, metus urna convallis erat, eget tincidunt dui augue eu tellus. Phasellus elit pede, malesuada vel, venenatis vel, faucibus id, libero. Donec consectetuer mauris id sapien. Cras dolor dolor, tempus non, lacinia at, iaculis quis, pede. Praesent eu dui. Cum sociis natoque penatibus et magnis dis parturient montes, nascetur ridiculus mus. Aenean eget magna. Suspendisse tristique neque venenatis lacus. Etiam bibendum fermentum metus. Aenean sed pede nec ante blandit",7,2,"12.25", 1);
INSERT INTO task (id,token,title,description,owner,budget_type,budget,salary) VALUES (69,"oy8hjs5f","orci tincidunt adipiscing.","a, arcu. Sed et libero. Proin mi. Aliquam gravida mauris ut mi. Duis risus odio, auctor vitae, aliquet nec, imperdiet nec, leo. Morbi neque tellus, imperdiet non, vestibulum nec, euismod in, dolor. Fusce feugiat.",3,1,"7.00", 1);
INSERT INTO task (id,token,title,description,owner,budget_type,budget,salary) VALUES (70,"0byp0jge","amet","urna et arcu imperdiet ullamcorper. Duis at lacus. Quisque purus sapien, gravida non, sollicitudin a, malesuada id, erat. Etiam vestibulum massa rutrum magna. Cras convallis convallis dolor. Quisque tincidunt pede ac urna. Ut tincidunt vehicula risus. Nulla eget metus eu erat semper rutrum. Fusce dolor quam, elementum at, egestas a, scelerisque sed,",2,3,"50.15", 1);
INSERT INTO task (id,token,title,description,owner,budget_type,budget,salary) VALUES (71,"evcuh401","Integer","venenatis vel, faucibus id, libero. Donec consectetuer mauris id sapien. Cras dolor dolor, tempus non, lacinia at, iaculis quis, pede. Praesent eu dui. Cum sociis natoque penatibus et magnis dis",2,2,"22.46", 1);
INSERT INTO task (id,token,title,description,owner,budget_type,budget,salary) VALUES (72,"92emjany","consectetuer rhoncus.","Donec elementum, lorem ut aliquam iaculis, lacus pede sagittis augue, eu tempor erat neque non quam. Pellentesque habitant morbi tristique senectus et netus et malesuada fames ac turpis egestas. Aliquam fringilla cursus purus. Nullam scelerisque neque sed sem egestas blandit. Nam nulla magna, malesuada vel, convallis in, cursus et, eros. Proin ultrices. Duis",9,3,"49.28", 1);
INSERT INTO task (id,token,title,description,owner,budget_type,budget,salary) VALUES (73,"yl584zct","dolor sit","Sed auctor odio a purus. Duis elementum, dui quis accumsan convallis, ante lectus convallis est, vitae sodales nisi magna sed dui. Fusce aliquam, enim nec tempus scelerisque, lorem ipsum sodales purus, in molestie tortor nibh sit amet orci. Ut sagittis lobortis mauris. Suspendisse aliquet molestie tellus. Aenean egestas hendrerit neque. In ornare sagittis felis. Donec tempor, est ac mattis",7,3,"7.48", 1);
INSERT INTO task (id,token,title,description,owner,budget_type,budget,salary) VALUES (74,"0190af5f","sem. Nulla interdum.","porttitor vulputate, posuere vulputate, lacus. Cras interdum. Nunc sollicitudin commodo ipsum. Suspendisse non leo. Vivamus nibh dolor, nonummy ac, feugiat non, lobortis quis, pede. Suspendisse dui. Fusce diam nunc, ullamcorper eu, euismod ac, fermentum vel, mauris. Integer sem",3,1,"39.23", 1);
INSERT INTO task (id,token,title,description,owner,budget_type,budget,salary) VALUES (75,"07171py0","Class","nec ligula consectetuer rhoncus. Nullam velit dui, semper et, lacinia vitae, sodales at, velit. Pellentesque ultricies dignissim lacus. Aliquam rutrum lorem ac risus. Morbi metus. Vivamus euismod urna. Nullam lobortis quam a felis ullamcorper viverra. Maecenas iaculis aliquet diam. Sed diam lorem, auctor quis, tristique ac, eleifend vitae, erat. Vivamus nisi. Mauris nulla. Integer urna. Vivamus molestie",5,2,"54.54", 1);
INSERT INTO task (id,token,title,description,owner,budget_type,budget,salary) VALUES (76,"h2bq3pep","Quisque","In faucibus. Morbi vehicula. Pellentesque tincidunt tempus risus. Donec egestas. Duis ac arcu. Nunc mauris. Morbi non sapien molestie orci tincidunt adipiscing. Mauris molestie pharetra nibh. Aliquam ornare, libero at auctor ullamcorper, nisl arcu iaculis enim, sit amet ornare lectus justo eu arcu. Morbi sit amet massa. Quisque porttitor eros nec tellus. Nunc lectus pede, ultrices a, auctor non, feugiat nec,",15,2,"63.03", 1);
INSERT INTO task (id,token,title,description,owner,budget_type,budget,salary) VALUES (77,"19mvypdn","ligula. Aenean gravida","enim. Suspendisse aliquet, sem ut cursus luctus, ipsum leo elementum sem, vitae aliquam eros turpis non enim. Mauris quis turpis vitae purus gravida sagittis. Duis gravida. Praesent eu nulla at sem molestie sodales. Mauris blandit enim consequat purus. Maecenas libero est, congue a, aliquet vel, vulputate eu, odio. Phasellus at augue id ante dictum cursus. Nunc mauris elit, dictum eu, eleifend nec, malesuada ut, sem. Nulla interdum. Curabitur dictum. Phasellus in felis. Nulla tempor augue ac ipsum. Phasellus vitae mauris sit amet lorem semper auctor. Mauris vel turpis. Aliquam adipiscing lobortis",3,2,"34.40", 1);
INSERT INTO task (id,token,title,description,owner,budget_type,budget,salary) VALUES (78,"gbchg8m7","sem mollis dui,","ac, eleifend vitae, erat. Vivamus nisi. Mauris nulla. Integer urna. Vivamus molestie dapibus ligula. Aliquam erat volutpat. Nulla dignissim. Maecenas ornare egestas ligula. Nullam feugiat placerat velit. Quisque varius. Nam porttitor scelerisque neque. Nullam nisl. Maecenas malesuada fringilla est. Mauris eu turpis. Nulla aliquet.",4,2,"18.70", 1);
INSERT INTO task (id,token,title,description,owner,budget_type,budget,salary) VALUES (79,"4c4vsqj1","sagittis.","Nunc lectus pede, ultrices a, auctor non, feugiat nec, diam. Duis mi enim, condimentum eget, volutpat ornare, facilisis eget, ipsum. Donec sollicitudin adipiscing ligula. Aenean gravida nunc sed pede. Cum sociis natoque penatibus et magnis dis parturient montes, nascetur ridiculus mus. Proin vel arcu eu odio tristique pharetra. Quisque ac libero nec ligula consectetuer rhoncus. Nullam velit dui, semper et, lacinia vitae, sodales at, velit. Pellentesque ultricies dignissim lacus. Aliquam rutrum lorem ac risus. Morbi metus. Vivamus euismod urna. Nullam lobortis quam a felis ullamcorper viverra. Maecenas",2,3,"57.72", 1);
INSERT INTO task (id,token,title,description,owner,budget_type,budget,salary) VALUES (80,"hkh01lpq","enim. Suspendisse","mi felis, adipiscing fringilla, porttitor vulputate, posuere vulputate, lacus. Cras interdum. Nunc sollicitudin commodo ipsum. Suspendisse non leo. Vivamus nibh dolor, nonummy ac, feugiat non, lobortis quis, pede. Suspendisse dui. Fusce diam nunc, ullamcorper eu, euismod ac, fermentum vel, mauris. Integer sem elit, pharetra ut, pharetra sed,",8,2,"31.81", 1);
INSERT INTO task (id,token,title,description,owner,budget_type,budget,salary) VALUES (83,"bc0vs0k1","elementum purus, accumsan","eros. Proin ultrices. Duis volutpat nunc sit amet metus. Aliquam erat volutpat. Nulla facilisis. Suspendisse commodo tincidunt nibh. Phasellus nulla. Integer vulputate, risus a ultricies adipiscing, enim mi tempor lorem, eget mollis lectus",6,1,"38.36", 1);
INSERT INTO task (id,token,title,description,owner,budget_type,budget,salary) VALUES (84,"ks1a4gqe","sapien, cursus","eget, volutpat ornare, facilisis eget, ipsum. Donec sollicitudin adipiscing ligula. Aenean gravida nunc sed pede. Cum sociis natoque penatibus et magnis dis parturient montes, nascetur ridiculus mus. Proin vel arcu eu odio tristique pharetra. Quisque ac libero nec ligula consectetuer rhoncus. Nullam velit dui, semper et, lacinia vitae, sodales at, velit. Pellentesque ultricies dignissim lacus. Aliquam rutrum lorem ac risus. Morbi metus. Vivamus",14,2,"31.57", 1);
INSERT INTO task (id,token,title,description,owner,budget_type,budget,salary) VALUES (85,"9rbhumx2","neque.","euismod enim. Etiam gravida molestie arcu. Sed eu nibh vulputate mauris sagittis placerat. Cras dictum ultricies ligula. Nullam enim. Sed nulla ante, iaculis nec, eleifend non, dapibus rutrum, justo. Praesent luctus. Curabitur egestas nunc sed libero. Proin sed turpis nec mauris blandit mattis. Cras eget nisi dictum augue malesuada malesuada. Integer id magna et ipsum cursus vestibulum. Mauris magna. Duis dignissim tempor arcu. Vestibulum ut eros non enim commodo hendrerit. Donec porttitor tellus non magna. Nam ligula elit, pretium et, rutrum non,",7,1,"77.41", 1);
INSERT INTO task (id,token,title,description,owner,budget_type,budget,salary) VALUES (86,"1jebinhk","pede","ultrices. Duis volutpat nunc sit amet metus. Aliquam erat volutpat. Nulla facilisis. Suspendisse commodo tincidunt nibh. Phasellus nulla. Integer vulputate, risus a ultricies adipiscing, enim mi tempor lorem, eget mollis",12,1,"42.24", 1);
INSERT INTO task (id,token,title,description,owner,budget_type,budget,salary) VALUES (87,"q7696gzf","nulla at","Cum sociis natoque penatibus et magnis dis parturient montes, nascetur ridiculus mus. Donec dignissim magna a tortor. Nunc commodo auctor velit. Aliquam nisl. Nulla eu neque pellentesque massa lobortis ultrices. Vivamus rhoncus. Donec est. Nunc ullamcorper, velit in aliquet lobortis, nisi nibh lacinia orci, consectetuer euismod est arcu ac orci. Ut semper pretium neque. Morbi quis urna. Nunc quis arcu vel quam dignissim pharetra. Nam ac nulla. In tincidunt congue turpis. In condimentum. Donec at arcu. Vestibulum ante ipsum primis in faucibus orci luctus et ultrices posuere cubilia Curae; Donec tincidunt. Donec vitae erat vel pede blandit",7,3,"75.89", 1);
INSERT INTO task (id,token,title,description,owner,budget_type,budget,salary) VALUES (88,"zpfsuxxv","amet risus. Donec","rutrum. Fusce dolor quam, elementum at, egestas a, scelerisque sed, sapien. Nunc pulvinar arcu et pede. Nunc sed orci lobortis augue scelerisque mollis. Phasellus libero mauris, aliquam eu, accumsan sed, facilisis vitae, orci. Phasellus dapibus quam quis diam. Pellentesque habitant morbi tristique senectus et netus et malesuada fames ac turpis egestas. Fusce aliquet magna a neque. Nullam ut nisi a odio semper cursus. Integer mollis. Integer tincidunt aliquam arcu. Aliquam ultrices iaculis odio. Nam interdum enim non nisi. Aenean eget metus. In nec orci. Donec nibh. Quisque nonummy ipsum non arcu. Vivamus sit amet risus. Donec egestas. Aliquam nec",15,2,"98.84", 1);
INSERT INTO task (id,token,title,description,owner,budget_type,budget,salary) VALUES (89,"dz20boq3","rutrum urna,","Etiam laoreet, libero et tristique pellentesque, tellus sem mollis dui, in sodales elit erat vitae risus. Duis a mi fringilla mi lacinia mattis. Integer eu lacus. Quisque imperdiet, erat nonummy ultricies ornare, elit elit fermentum risus, at fringilla purus mauris a nunc. In at pede. Cras vulputate velit eu sem. Pellentesque ut ipsum ac mi eleifend egestas. Sed pharetra, felis eget varius ultrices, mauris ipsum porta elit, a feugiat tellus lorem eu metus. In lorem. Donec elementum, lorem ut aliquam iaculis, lacus pede sagittis augue, eu tempor erat neque non quam. Pellentesque habitant morbi tristique senectus",13,3,"21.64", 1);
INSERT INTO task (id,token,title,description,owner,budget_type,budget,salary) VALUES (90,"yu570bhp","Aenean massa.","consequat purus. Maecenas libero est, congue a, aliquet vel, vulputate eu, odio. Phasellus at augue id ante dictum cursus. Nunc mauris elit, dictum eu, eleifend nec, malesuada ut, sem. Nulla interdum. Curabitur dictum. Phasellus in felis. Nulla tempor augue ac ipsum. Phasellus vitae mauris sit amet lorem semper auctor. Mauris vel turpis. Aliquam",11,3,"31.89", 1);
INSERT INTO task (id,token,title,description,owner,budget_type,budget,salary) VALUES (91,"8cn4ic08","vitae diam.","Proin velit. Sed malesuada augue ut lacus. Nulla tincidunt, neque vitae semper egestas, urna justo faucibus lectus, a sollicitudin orci sem eget massa. Suspendisse eleifend. Cras sed leo. Cras vehicula aliquet libero. Integer in magna. Phasellus dolor elit, pellentesque a, facilisis non, bibendum sed, est. Nunc laoreet lectus quis massa. Mauris vestibulum, neque sed dictum eleifend, nunc risus varius orci, in consequat enim diam vel arcu. Curabitur ut odio vel est tempor bibendum. Donec felis orci, adipiscing",10,2,"79.99", 1);
INSERT INTO task (id,token,title,description,owner,budget_type,budget,salary) VALUES (94,"xpnuquao","porttitor scelerisque neque.","mus. Aenean eget magna. Suspendisse tristique neque venenatis lacus. Etiam bibendum fermentum metus. Aenean sed pede nec ante blandit viverra. Donec tempus, lorem fringilla ornare placerat, orci lacus vestibulum lorem, sit amet ultricies sem magna nec quam. Curabitur vel lectus. Cum sociis natoque penatibus et magnis dis parturient montes, nascetur ridiculus mus. Donec dignissim magna a tortor. Nunc commodo auctor velit. Aliquam nisl. Nulla eu neque pellentesque massa lobortis ultrices. Vivamus",4,2,"12.18", 1);
INSERT INTO task (id,token,title,description,owner,budget_type,budget,salary) VALUES (95,"zoh8rh50","fermentum metus.","ut ipsum ac mi eleifend egestas. Sed pharetra, felis eget varius ultrices, mauris ipsum porta elit, a feugiat tellus lorem eu metus. In lorem. Donec elementum, lorem ut aliquam iaculis, lacus pede sagittis augue, eu tempor erat neque non quam. Pellentesque habitant morbi tristique senectus et netus et malesuada fames ac turpis egestas. Aliquam fringilla cursus purus. Nullam scelerisque neque sed sem egestas blandit. Nam nulla magna, malesuada",13,1,"7.77", 1);
INSERT INTO task (id,token,title,description,owner,budget_type,budget,salary) VALUES (96,"mkcdn09e","eu dolor","mauris. Morbi non sapien molestie orci tincidunt adipiscing. Mauris molestie pharetra nibh. Aliquam ornare, libero at auctor ullamcorper, nisl arcu iaculis enim, sit amet ornare lectus justo eu arcu. Morbi sit amet massa. Quisque porttitor eros nec tellus. Nunc lectus pede, ultrices a, auctor non, feugiat nec, diam. Duis mi enim, condimentum eget, volutpat ornare, facilisis eget, ipsum. Donec sollicitudin adipiscing ligula. Aenean gravida nunc sed pede. Cum sociis natoque penatibus et magnis dis parturient montes, nascetur ridiculus mus. Proin vel arcu eu odio tristique pharetra. Quisque ac libero nec ligula consectetuer rhoncus. Nullam velit dui, semper et, lacinia vitae,",10,2,"57.63", 1);
INSERT INTO task (id,token,title,description,owner,budget_type,budget,salary) VALUES (97,"et89vspg","Aenean massa. Integer","lectus pede, ultrices a, auctor non, feugiat nec, diam. Duis mi enim, condimentum eget, volutpat ornare, facilisis eget, ipsum. Donec sollicitudin adipiscing ligula. Aenean gravida nunc sed pede. Cum sociis natoque penatibus et magnis dis parturient montes, nascetur ridiculus mus. Proin vel arcu eu odio tristique pharetra. Quisque ac libero nec ligula consectetuer rhoncus. Nullam velit dui, semper et, lacinia vitae, sodales at, velit. Pellentesque ultricies dignissim lacus. Aliquam rutrum lorem ac risus. Morbi metus. Vivamus euismod urna. Nullam lobortis quam a felis ullamcorper viverra. Maecenas iaculis aliquet diam. Sed diam lorem, auctor quis, tristique",9,3,"39.36", 1);
INSERT INTO task (id,token,title,description,owner,budget_type,budget,salary) VALUES (98,"833oo43c","odio, auctor","dolor elit, pellentesque a, facilisis non, bibendum sed, est. Nunc laoreet lectus quis massa. Mauris vestibulum, neque sed dictum eleifend, nunc risus varius orci, in consequat enim diam vel arcu. Curabitur ut odio vel est tempor bibendum. Donec felis orci, adipiscing non, luctus sit amet, faucibus ut, nulla. Cras eu tellus eu augue porttitor interdum. Sed auctor odio a purus. Duis elementum, dui quis accumsan convallis, ante lectus convallis est, vitae sodales nisi magna sed dui. Fusce aliquam, enim nec tempus scelerisque, lorem ipsum sodales purus, in molestie tortor nibh sit amet orci. Ut",6,3,"56.55", 1);
INSERT INTO task (id,token,title,description,owner,budget_type,budget,salary) VALUES (99,"ia00h4zv","mollis non,","magna. Sed eu eros. Nam consequat dolor vitae dolor. Donec fringilla. Donec feugiat metus sit amet ante. Vivamus non lorem vitae odio sagittis semper. Nam tempor diam dictum sapien. Aenean massa. Integer vitae nibh. Donec est mauris, rhoncus id, mollis nec, cursus a, enim. Suspendisse aliquet, sem ut cursus luctus, ipsum leo elementum",12,2,"42.33", 1);
INSERT INTO task (id,token,title,description,owner,budget_type,budget,salary) VALUES (100,"e2zrryxx","nec, diam.","turpis egestas. Fusce aliquet magna a neque. Nullam ut nisi a odio semper cursus. Integer mollis. Integer tincidunt aliquam arcu. Aliquam ultrices iaculis odio. Nam interdum enim non nisi. Aenean eget metus. In nec orci. Donec nibh. Quisque nonummy ipsum non arcu. Vivamus sit",3,1,"59.59", 1);
INSERT INTO task (id,token,title,description,owner,budget_type,budget,salary) VALUES (101,"gvv1c08","eu","Mauris molestie pharetra nibh. Aliquam ornare, libero at auctor ullamcorper, nisl arcu iaculis enim, sit amet ornare lectus justo eu arcu. Morbi sit amet massa. Quisque porttitor eros nec tellus. Nunc lectus pede, ultrices a, auctor non, feugiat nec, diam. Duis mi enim, condimentum eget, volutpat ornare, facilisis eget,",2,3,"59.69", 1);

INSERT INTO task_has_tag (id,task_id,tag_id) VALUES (3,9,11);
INSERT INTO task_has_tag (id,task_id,tag_id) VALUES (4,14,1);
INSERT INTO task_has_tag (id,task_id,tag_id) VALUES (5,52,13);
INSERT INTO task_has_tag (id,task_id,tag_id) VALUES (6,14,13);
INSERT INTO task_has_tag (id,task_id,tag_id) VALUES (7,75,8);
INSERT INTO task_has_tag (id,task_id,tag_id) VALUES (8,9,15);
INSERT INTO task_has_tag (id,task_id,tag_id) VALUES (10,33,3);
INSERT INTO task_has_tag (id,task_id,tag_id) VALUES (12,21,5);
INSERT INTO task_has_tag (id,task_id,tag_id) VALUES (14,31,14);
INSERT INTO task_has_tag (id,task_id,tag_id) VALUES (15,32,2);
INSERT INTO task_has_tag (id,task_id,tag_id) VALUES (16,62,4);
INSERT INTO task_has_tag (id,task_id,tag_id) VALUES (17,5,10);
INSERT INTO task_has_tag (id,task_id,tag_id) VALUES (18,3,2);
INSERT INTO task_has_tag (id,task_id,tag_id) VALUES (19,36,3);
INSERT INTO task_has_tag (id,task_id,tag_id) VALUES (20,19,14);
INSERT INTO task_has_tag (id,task_id,tag_id) VALUES (21,99,5);
INSERT INTO task_has_tag (id,task_id,tag_id) VALUES (22,72,11);
INSERT INTO task_has_tag (id,task_id,tag_id) VALUES (23,80,13);
INSERT INTO task_has_tag (id,task_id,tag_id) VALUES (24,69,4);
INSERT INTO task_has_tag (id,task_id,tag_id) VALUES (25,30,1);
INSERT INTO task_has_tag (id,task_id,tag_id) VALUES (26,38,2);
INSERT INTO task_has_tag (id,task_id,tag_id) VALUES (27,38,9);
INSERT INTO task_has_tag (id,task_id,tag_id) VALUES (28,39,14);
INSERT INTO task_has_tag (id,task_id,tag_id) VALUES (29,75,11);
INSERT INTO task_has_tag (id,task_id,tag_id) VALUES (30,80,1);
INSERT INTO task_has_tag (id,task_id,tag_id) VALUES (31,77,7);
INSERT INTO task_has_tag (id,task_id,tag_id) VALUES (32,28,13);
INSERT INTO task_has_tag (id,task_id,tag_id) VALUES (33,4,5);
INSERT INTO task_has_tag (id,task_id,tag_id) VALUES (34,94,6);
INSERT INTO task_has_tag (id,task_id,tag_id) VALUES (35,47,2);
INSERT INTO task_has_tag (id,task_id,tag_id) VALUES (36,26,7);
INSERT INTO task_has_tag (id,task_id,tag_id) VALUES (38,19,4);
INSERT INTO task_has_tag (id,task_id,tag_id) VALUES (39,77,14);
INSERT INTO task_has_tag (id,task_id,tag_id) VALUES (40,47,2);
INSERT INTO task_has_tag (id,task_id,tag_id) VALUES (41,88,13);
INSERT INTO task_has_tag (id,task_id,tag_id) VALUES (42,19,4);
INSERT INTO task_has_tag (id,task_id,tag_id) VALUES (44,12,3);
INSERT INTO task_has_tag (id,task_id,tag_id) VALUES (45,27,14);
INSERT INTO task_has_tag (id,task_id,tag_id) VALUES (46,24,1);
INSERT INTO task_has_tag (id,task_id,tag_id) VALUES (47,34,8);
INSERT INTO task_has_tag (id,task_id,tag_id) VALUES (48,85,6);
INSERT INTO task_has_tag (id,task_id,tag_id) VALUES (50,76,5);
INSERT INTO task_has_tag (id,task_id,tag_id) VALUES (51,91,1);
INSERT INTO task_has_tag (id,task_id,tag_id) VALUES (52,73,6);
INSERT INTO task_has_tag (id,task_id,tag_id) VALUES (53,98,14);
INSERT INTO task_has_tag (id,task_id,tag_id) VALUES (54,58,12);
INSERT INTO task_has_tag (id,task_id,tag_id) VALUES (55,78,1);
INSERT INTO task_has_tag (id,task_id,tag_id) VALUES (57,89,1);
INSERT INTO task_has_tag (id,task_id,tag_id) VALUES (58,91,5);
INSERT INTO task_has_tag (id,task_id,tag_id) VALUES (59,58,1);
INSERT INTO task_has_tag (id,task_id,tag_id) VALUES (60,49,13);
INSERT INTO task_has_tag (id,task_id,tag_id) VALUES (61,94,11);
INSERT INTO task_has_tag (id,task_id,tag_id) VALUES (62,88,5);
INSERT INTO task_has_tag (id,task_id,tag_id) VALUES (65,51,6);
INSERT INTO task_has_tag (id,task_id,tag_id) VALUES (66,32,7);
INSERT INTO task_has_tag (id,task_id,tag_id) VALUES (67,41,1);
INSERT INTO task_has_tag (id,task_id,tag_id) VALUES (68,75,6);
INSERT INTO task_has_tag (id,task_id,tag_id) VALUES (69,96,5);
INSERT INTO task_has_tag (id,task_id,tag_id) VALUES (70,13,12);
INSERT INTO task_has_tag (id,task_id,tag_id) VALUES (71,36,15);
INSERT INTO task_has_tag (id,task_id,tag_id) VALUES (72,39,4);
INSERT INTO task_has_tag (id,task_id,tag_id) VALUES (73,95,5);
INSERT INTO task_has_tag (id,task_id,tag_id) VALUES (74,56,8);
INSERT INTO task_has_tag (id,task_id,tag_id) VALUES (75,32,1);
INSERT INTO task_has_tag (id,task_id,tag_id) VALUES (76,38,4);
INSERT INTO task_has_tag (id,task_id,tag_id) VALUES (77,77,4);
INSERT INTO task_has_tag (id,task_id,tag_id) VALUES (78,53,15);
INSERT INTO task_has_tag (id,task_id,tag_id) VALUES (79,97,3);
INSERT INTO task_has_tag (id,task_id,tag_id) VALUES (80,3,8);
INSERT INTO task_has_tag (id,task_id,tag_id) VALUES (81,56,6);
INSERT INTO task_has_tag (id,task_id,tag_id) VALUES (82,88,15);
INSERT INTO task_has_tag (id,task_id,tag_id) VALUES (83,39,10);
INSERT INTO task_has_tag (id,task_id,tag_id) VALUES (84,34,6);
INSERT INTO task_has_tag (id,task_id,tag_id) VALUES (85,94,7);
INSERT INTO task_has_tag (id,task_id,tag_id) VALUES (86,8,5);
INSERT INTO task_has_tag (id,task_id,tag_id) VALUES (87,41,7);
INSERT INTO task_has_tag (id,task_id,tag_id) VALUES (88,54,6);
INSERT INTO task_has_tag (id,task_id,tag_id) VALUES (89,76,2);
INSERT INTO task_has_tag (id,task_id,tag_id) VALUES (90,88,2);
INSERT INTO task_has_tag (id,task_id,tag_id) VALUES (91,14,4);
INSERT INTO task_has_tag (id,task_id,tag_id) VALUES (92,34,14);
INSERT INTO task_has_tag (id,task_id,tag_id) VALUES (94,89,8);
INSERT INTO task_has_tag (id,task_id,tag_id) VALUES (95,2,14);
INSERT INTO task_has_tag (id,task_id,tag_id) VALUES (96,94,9);
INSERT INTO task_has_tag (id,task_id,tag_id) VALUES (97,26,13);
INSERT INTO task_has_tag (id,task_id,tag_id) VALUES (98,53,10);
INSERT INTO task_has_tag (id,task_id,tag_id) VALUES (100,99,6);
INSERT INTO task_has_tag (id,task_id,tag_id) VALUES (101,32,1);
