
INSERT INTO tag (id,tag) VALUES (1,"Design");
INSERT INTO tag (id,tag) VALUES (2,"Survey");
INSERT INTO tag (id,tag) VALUES (3,"Video");
INSERT INTO tag (id,tag) VALUES (4,"C++");
INSERT INTO tag (id,tag) VALUES (5,"PHP");
INSERT INTO tag (id,tag) VALUES (6,"Research");
INSERT INTO tag (id,tag) VALUES (7,"JavaScript");
INSERT INTO tag (id,tag) VALUES (8,"E-shop");
INSERT INTO tag (id,tag) VALUES (9,"Translation");
INSERT INTO tag (id,tag) VALUES (10,"Commenting");
INSERT INTO tag (id,tag) VALUES (11,"SEO");
INSERT INTO tag (id,tag) VALUES (12,"Writing");
INSERT INTO tag (id,tag) VALUES (13,"Poll");
INSERT INTO tag (id,tag) VALUES (14,"Like");
INSERT INTO tag (id,tag) VALUES (15,"Twitter");

INSERT INTO `task` (`id`,`token`,`title`,`description`,`owner`,`budget_type`,`salary`,`workers`,`deadline`,`promotion`) VALUES (1,"uug73li4","vel, venenatis vel, faucibus id, libero.","est, mollis non, cursus non, egestas a, dui. Cras pellentesque. Sed dictum. Proin eget odio. Aliquam vulputate ullamcorper magna. Sed eu eros. Nam consequat dolor vitae dolor. Donec fringilla. Donec feugiat metus sit amet ante. Vivamus non lorem vitae odio sagittis semper. Nam tempor diam",3,1,"1.68",31,"2014-06-27 03:15:26",1);
INSERT INTO `task` (`id`,`token`,`title`,`description`,`owner`,`budget_type`,`salary`,`workers`,`deadline`,`promotion`) VALUES (2,"muc11fo1","et ipsum cursus vestibulum. Mauris magna. Duis","scelerisque neque sed sem egestas blandit. Nam nulla magna, malesuada vel, convallis in, cursus et, eros. Proin ultrices. Duis volutpat nunc sit amet metus. Aliquam erat volutpat. Nulla facilisis. Suspendisse commodo tincidunt nibh. Phasellus nulla. Integer vulputate, risus a ultricies adipiscing, enim mi tempor lorem, eget mollis lectus pede et risus. Quisque libero lacus, varius et, euismod et, commodo at, libero. Morbi accumsan laoreet ipsum. Curabitur consequat, lectus sit amet luctus vulputate, nisi sem semper erat, in consectetuer ipsum nunc id enim. Curabitur massa. Vestibulum accumsan neque et nunc. Quisque ornare tortor at risus. Nunc ac sem ut dolor dapibus gravida. Aliquam tincidunt, nunc ac mattis ornare, lectus ante dictum mi, ac mattis velit justo nec ante. Maecenas mi felis, adipiscing fringilla, porttitor vulputate, posuere vulputate, lacus. Cras interdum. Nunc sollicitudin commodo ipsum. Suspendisse non leo.",3,1,"0.27",17,"2015-01-13 01:43:04",4);
INSERT INTO `task` (`id`,`token`,`title`,`description`,`owner`,`budget_type`,`salary`,`workers`,`deadline`,`promotion`) VALUES (3,"mur79xa7","eget nisi dictum augue malesuada malesuada.","est. Mauris eu turpis. Nulla aliquet. Proin velit. Sed malesuada augue ut lacus. Nulla tincidunt, neque vitae semper egestas, urna justo faucibus lectus, a sollicitudin orci sem eget massa. Suspendisse eleifend. Cras sed leo. Cras vehicula aliquet libero. Integer in magna. Phasellus dolor elit, pellentesque a, facilisis non, bibendum sed, est. Nunc laoreet lectus quis massa. Mauris vestibulum, neque sed dictum eleifend, nunc risus varius orci, in consequat enim diam vel arcu. Curabitur ut odio vel est tempor bibendum. Donec felis orci, adipiscing non, luctus sit amet, faucibus ut, nulla. Cras eu tellus eu augue porttitor interdum. Sed auctor odio a purus. Duis elementum, dui quis accumsan convallis, ante lectus convallis est, vitae sodales nisi magna sed dui. Fusce aliquam, enim nec tempus scelerisque, lorem ipsum sodales purus, in molestie tortor nibh sit amet orci. Ut sagittis lobortis mauris. Suspendisse aliquet molestie tellus.",1,1,"1.88",26,"2014-11-14 12:29:36",1);
INSERT INTO `task` (`id`,`token`,`title`,`description`,`owner`,`budget_type`,`salary`,`workers`,`deadline`,`promotion`) VALUES (4,"uiy49xo4","Donec luctus aliquet odio. Etiam ligula","dapibus rutrum, justo. Praesent luctus. Curabitur egestas nunc sed libero. Proin sed turpis nec mauris blandit mattis. Cras eget nisi dictum augue malesuada malesuada. Integer id magna et ipsum cursus vestibulum. Mauris magna. Duis dignissim tempor arcu. Vestibulum ut eros non enim commodo hendrerit. Donec porttitor tellus non magna. Nam ligula elit, pretium et, rutrum non, hendrerit id, ante. Nunc mauris sapien, cursus in, hendrerit consectetuer, cursus et, magna. Praesent interdum ligula eu enim. Etiam imperdiet dictum magna. Ut tincidunt orci quis lectus. Nullam suscipit, est ac facilisis facilisis, magna tellus faucibus leo, in lobortis tellus justo sit amet nulla. Donec non justo. Proin non massa non ante bibendum ullamcorper. Duis cursus, diam at pretium aliquet, metus urna convallis erat, eget tincidunt dui augue eu tellus. Phasellus elit pede, malesuada vel, venenatis vel, faucibus id, libero. Donec consectetuer mauris id sapien. Cras dolor dolor,",1,1,"0.40",3,"2015-01-07 16:47:59",3);
INSERT INTO `task` (`id`,`token`,`title`,`description`,`owner`,`budget_type`,`salary`,`workers`,`deadline`,`promotion`) VALUES (5,"jad20ii6","aliquam,","Fusce aliquam, enim nec tempus scelerisque, lorem ipsum sodales purus, in molestie tortor nibh sit amet orci. Ut sagittis lobortis mauris. Suspendisse aliquet molestie tellus. Aenean egestas hendrerit neque. In ornare sagittis felis. Donec tempor, est ac mattis semper, dui lectus rutrum urna, nec luctus felis purus ac tellus. Suspendisse sed dolor. Fusce mi lorem, vehicula et, rutrum eu, ultrices sit amet, risus. Donec nibh enim, gravida sit amet, dapibus id, blandit at, nisi. Cum sociis natoque penatibus et magnis dis parturient montes, nascetur ridiculus mus. Proin vel nisl. Quisque fringilla euismod enim. Etiam gravida molestie arcu. Sed eu nibh vulputate mauris sagittis placerat. Cras dictum ultricies ligula. Nullam enim. Sed nulla ante, iaculis nec, eleifend non, dapibus rutrum, justo. Praesent luctus. Curabitur egestas nunc sed libero. Proin sed turpis nec mauris blandit mattis. Cras eget nisi dictum augue malesuada malesuada. Integer id magna et ipsum cursus vestibulum. Mauris magna. Duis dignissim tempor arcu. Vestibulum ut eros non enim commodo hendrerit. Donec porttitor tellus non magna. Nam ligula elit, pretium et, rutrum non, hendrerit id, ante. Nunc mauris sapien, cursus in, hendrerit consectetuer, cursus et, magna. Praesent interdum ligula eu enim. Etiam imperdiet dictum",1,1,"1.29",46,"2014-10-23 18:42:39",4);
INSERT INTO `task` (`id`,`token`,`title`,`description`,`owner`,`budget_type`,`salary`,`workers`,`deadline`,`promotion`) VALUES (6,"mis93ti5","facilisis lorem tristique aliquet.","et tristique pellentesque, tellus sem mollis dui, in sodales elit erat vitae risus. Duis a mi fringilla mi lacinia mattis. Integer eu lacus. Quisque imperdiet, erat nonummy ultricies ornare, elit elit fermentum risus, at fringilla purus mauris a nunc. In at pede. Cras vulputate velit eu sem. Pellentesque ut ipsum ac mi eleifend egestas. Sed pharetra, felis eget varius ultrices, mauris ipsum porta elit, a feugiat tellus lorem eu metus. In lorem. Donec elementum, lorem ut aliquam",3,1,"1.95",51,"2014-08-13 15:19:55",1);
INSERT INTO `task` (`id`,`token`,`title`,`description`,`owner`,`budget_type`,`salary`,`workers`,`deadline`,`promotion`) VALUES (7,"qur01ei0","nec","facilisis eget, ipsum. Donec sollicitudin adipiscing ligula. Aenean gravida nunc sed pede. Cum sociis natoque penatibus et magnis dis parturient montes, nascetur ridiculus mus. Proin vel arcu eu odio tristique pharetra. Quisque ac libero nec ligula consectetuer rhoncus. Nullam velit dui, semper et, lacinia vitae, sodales at, velit. Pellentesque ultricies dignissim lacus. Aliquam rutrum lorem ac risus. Morbi metus. Vivamus euismod urna. Nullam lobortis quam a felis ullamcorper viverra. Maecenas iaculis aliquet diam. Sed diam lorem, auctor quis, tristique ac, eleifend vitae, erat. Vivamus nisi. Mauris nulla. Integer urna. Vivamus molestie dapibus ligula. Aliquam erat volutpat. Nulla dignissim. Maecenas ornare egestas ligula. Nullam feugiat placerat velit. Quisque varius. Nam porttitor scelerisque neque. Nullam nisl. Maecenas malesuada fringilla est. Mauris eu turpis. Nulla aliquet. Proin velit. Sed malesuada augue ut lacus. Nulla tincidunt, neque vitae semper egestas, urna justo faucibus lectus, a sollicitudin orci sem eget massa. Suspendisse eleifend. Cras sed leo. Cras vehicula aliquet libero. Integer in magna. Phasellus dolor elit, pellentesque a, facilisis non, bibendum sed, est. Nunc laoreet lectus quis massa. Mauris vestibulum, neque sed dictum eleifend, nunc risus varius orci, in consequat enim diam vel arcu. Curabitur ut odio vel est tempor bibendum. Donec felis",2,2,"0.13",56,"2014-05-09 01:18:26",3);
INSERT INTO `task` (`id`,`token`,`title`,`description`,`owner`,`budget_type`,`salary`,`workers`,`deadline`,`promotion`) VALUES (8,"biz29vu4","magna. Duis dignissim tempor arcu.","feugiat tellus lorem eu metus. In lorem. Donec elementum, lorem ut aliquam iaculis, lacus pede sagittis augue, eu tempor erat neque non quam. Pellentesque habitant morbi tristique senectus et netus et malesuada fames ac turpis egestas. Aliquam fringilla cursus purus. Nullam scelerisque neque sed sem egestas blandit. Nam nulla magna, malesuada vel, convallis in, cursus et, eros. Proin ultrices. Duis volutpat nunc sit amet metus. Aliquam erat volutpat. Nulla facilisis. Suspendisse commodo tincidunt nibh. Phasellus nulla. Integer vulputate, risus a ultricies adipiscing, enim mi tempor lorem, eget mollis lectus pede et risus. Quisque libero lacus, varius et, euismod et, commodo at, libero. Morbi accumsan laoreet ipsum. Curabitur consequat, lectus sit amet luctus vulputate, nisi sem semper erat, in consectetuer ipsum nunc id enim. Curabitur massa. Vestibulum accumsan neque et nunc. Quisque ornare tortor at risus. Nunc ac sem ut dolor dapibus gravida. Aliquam tincidunt, nunc ac mattis ornare, lectus",3,2,"1.04",1,"2014-05-25 00:25:41",1);
INSERT INTO `task` (`id`,`token`,`title`,`description`,`owner`,`budget_type`,`salary`,`workers`,`deadline`,`promotion`) VALUES (9,"juu27wi7","purus. Nullam scelerisque","eros. Proin ultrices. Duis volutpat nunc sit amet metus. Aliquam erat volutpat. Nulla facilisis. Suspendisse commodo tincidunt nibh. Phasellus nulla. Integer vulputate, risus a ultricies adipiscing, enim mi tempor lorem, eget mollis lectus pede et risus. Quisque libero lacus, varius et, euismod et, commodo at, libero. Morbi accumsan laoreet ipsum. Curabitur consequat, lectus sit amet luctus vulputate, nisi sem semper erat, in consectetuer ipsum nunc id enim. Curabitur massa. Vestibulum accumsan neque et nunc. Quisque ornare tortor at risus. Nunc ac sem ut dolor dapibus gravida. Aliquam tincidunt, nunc ac mattis ornare, lectus ante dictum mi, ac mattis velit justo nec ante. Maecenas mi felis, adipiscing fringilla, porttitor vulputate, posuere vulputate, lacus. Cras interdum. Nunc sollicitudin commodo ipsum. Suspendisse non leo. Vivamus nibh dolor, nonummy ac, feugiat non, lobortis quis, pede. Suspendisse dui. Fusce diam nunc, ullamcorper eu, euismod ac, fermentum vel, mauris. Integer sem elit, pharetra ut, pharetra sed, hendrerit a, arcu. Sed et libero. Proin mi. Aliquam gravida mauris ut mi. Duis risus odio, auctor vitae, aliquet nec, imperdiet nec, leo. Morbi neque tellus, imperdiet non, vestibulum nec, euismod",3,1,"0.83",95,"2015-01-15 08:47:57",3);
INSERT INTO `task` (`id`,`token`,`title`,`description`,`owner`,`budget_type`,`salary`,`workers`,`deadline`,`promotion`) VALUES (10,"yig24yi6","eu sem. Pellentesque","metus sit amet ante. Vivamus non lorem vitae odio sagittis semper. Nam tempor diam dictum sapien. Aenean massa. Integer vitae nibh. Donec est mauris, rhoncus id, mollis nec, cursus a, enim. Suspendisse aliquet, sem ut cursus luctus, ipsum leo elementum sem, vitae aliquam eros turpis non enim. Mauris quis turpis vitae purus gravida sagittis. Duis gravida. Praesent eu nulla at sem molestie sodales. Mauris blandit enim consequat purus. Maecenas libero est, congue a, aliquet vel, vulputate eu, odio. Phasellus at augue id ante dictum cursus. Nunc mauris elit, dictum eu, eleifend nec, malesuada ut, sem. Nulla interdum. Curabitur dictum. Phasellus in felis. Nulla tempor augue ac ipsum. Phasellus vitae mauris sit amet lorem semper auctor. Mauris vel turpis. Aliquam adipiscing lobortis risus. In mi pede, nonummy ut, molestie in, tempus eu, ligula. Aenean euismod mauris eu",2,3,"0.70",1,"2014-11-16 12:22:44",2);
INSERT INTO `task` (`id`,`token`,`title`,`description`,`owner`,`budget_type`,`salary`,`workers`,`deadline`,`promotion`) VALUES (11,"siy91no2","nascetur ridiculus mus. Proin","ac turpis egestas. Aliquam fringilla cursus purus. Nullam scelerisque neque sed sem egestas blandit. Nam nulla magna, malesuada vel, convallis in, cursus et, eros. Proin ultrices. Duis volutpat nunc sit amet metus. Aliquam erat volutpat. Nulla facilisis. Suspendisse commodo tincidunt nibh. Phasellus nulla. Integer vulputate, risus a ultricies adipiscing, enim mi tempor lorem, eget mollis lectus pede et risus. Quisque libero lacus, varius et, euismod et, commodo at, libero. Morbi accumsan laoreet ipsum. Curabitur consequat, lectus sit amet luctus vulputate, nisi sem semper erat, in consectetuer ipsum nunc id enim. Curabitur massa. Vestibulum accumsan neque et nunc. Quisque ornare tortor at risus. Nunc ac sem ut dolor dapibus gravida. Aliquam tincidunt, nunc ac mattis ornare, lectus ante dictum mi, ac mattis velit justo nec ante. Maecenas mi felis, adipiscing fringilla, porttitor vulputate, posuere vulputate, lacus. Cras interdum. Nunc sollicitudin commodo ipsum. Suspendisse non leo. Vivamus nibh dolor, nonummy ac, feugiat non, lobortis quis, pede. Suspendisse dui. Fusce diam nunc, ullamcorper eu,",1,1,"1.50",93,"2015-01-18 16:01:46",2);
INSERT INTO `task` (`id`,`token`,`title`,`description`,`owner`,`budget_type`,`salary`,`workers`,`deadline`,`promotion`) VALUES (12,"qey90ha6","nec, mollis vitae, posuere","ipsum. Donec sollicitudin adipiscing ligula. Aenean gravida nunc sed pede. Cum sociis natoque penatibus et magnis dis parturient montes, nascetur ridiculus mus. Proin vel arcu eu odio tristique pharetra. Quisque ac",2,2,"1.52",72,"2014-10-25 03:40:40",3);
INSERT INTO `task` (`id`,`token`,`title`,`description`,`owner`,`budget_type`,`salary`,`workers`,`deadline`,`promotion`) VALUES (13,"zaf86va2","sagittis placerat. Cras dictum ultricies ligula.","eu turpis. Nulla aliquet. Proin velit. Sed malesuada augue ut lacus. Nulla tincidunt, neque vitae semper egestas, urna justo faucibus lectus, a sollicitudin orci sem eget massa. Suspendisse eleifend. Cras sed leo. Cras vehicula aliquet libero. Integer in magna. Phasellus dolor elit, pellentesque a, facilisis non, bibendum sed, est. Nunc laoreet lectus quis massa. Mauris vestibulum, neque sed dictum eleifend, nunc risus varius orci, in consequat enim diam vel arcu. Curabitur ut odio vel est tempor bibendum. Donec felis orci, adipiscing non, luctus sit amet, faucibus ut, nulla. Cras eu tellus eu augue porttitor",1,3,"1.47",33,"2014-03-20 18:51:16",4);
INSERT INTO `task` (`id`,`token`,`title`,`description`,`owner`,`budget_type`,`salary`,`workers`,`deadline`,`promotion`) VALUES (14,"wam59nu3","scelerisque sed, sapien.","tristique senectus et netus et malesuada fames ac turpis egestas. Aliquam fringilla cursus purus. Nullam scelerisque neque sed sem egestas blandit. Nam nulla magna, malesuada vel, convallis in, cursus et, eros. Proin ultrices. Duis volutpat nunc sit amet metus. Aliquam erat volutpat. Nulla facilisis. Suspendisse commodo tincidunt nibh. Phasellus nulla. Integer vulputate, risus a ultricies adipiscing, enim mi tempor lorem, eget mollis lectus pede et risus. Quisque libero lacus, varius et, euismod et, commodo at, libero. Morbi accumsan laoreet ipsum. Curabitur consequat, lectus sit amet luctus vulputate, nisi sem semper erat, in consectetuer ipsum nunc id enim. Curabitur massa. Vestibulum accumsan neque et nunc. Quisque ornare tortor at risus. Nunc ac sem ut dolor dapibus gravida. Aliquam tincidunt, nunc ac mattis ornare, lectus ante dictum mi, ac mattis velit justo nec ante. Maecenas mi felis, adipiscing fringilla, porttitor vulputate, posuere vulputate, lacus. Cras interdum. Nunc sollicitudin commodo ipsum. Suspendisse non leo. Vivamus nibh dolor,",2,2,"0.18",77,"2014-10-25 16:49:54",3);
INSERT INTO `task` (`id`,`token`,`title`,`description`,`owner`,`budget_type`,`salary`,`workers`,`deadline`,`promotion`) VALUES (15,"wab56wo3","velit eget laoreet posuere,","magna nec quam. Curabitur vel lectus. Cum sociis natoque penatibus et magnis dis parturient montes, nascetur ridiculus mus. Donec dignissim magna a tortor. Nunc commodo auctor velit. Aliquam nisl. Nulla eu neque pellentesque massa lobortis ultrices. Vivamus rhoncus. Donec est. Nunc ullamcorper, velit in aliquet lobortis, nisi nibh lacinia orci, consectetuer euismod est arcu ac orci. Ut semper pretium neque. Morbi quis urna. Nunc quis arcu vel quam dignissim pharetra. Nam ac nulla. In tincidunt congue turpis. In condimentum. Donec at arcu. Vestibulum ante ipsum primis in faucibus orci luctus et ultrices posuere cubilia Curae; Donec tincidunt. Donec vitae erat vel pede blandit congue. In scelerisque scelerisque dui. Suspendisse ac metus vitae velit egestas lacinia. Sed congue, elit sed consequat auctor, nunc nulla vulputate dui, nec tempus mauris erat eget ipsum. Suspendisse",1,1,"0.53",97,"2014-06-11 18:44:02",3);
INSERT INTO `task` (`id`,`token`,`title`,`description`,`owner`,`budget_type`,`salary`,`workers`,`deadline`,`promotion`) VALUES (16,"fon95ti2","dictum placerat, augue. Sed molestie. Sed","sem. Nulla interdum. Curabitur dictum. Phasellus in felis. Nulla tempor augue ac ipsum. Phasellus vitae mauris sit amet lorem semper auctor. Mauris vel turpis. Aliquam adipiscing lobortis risus. In mi pede, nonummy ut, molestie in, tempus eu, ligula. Aenean euismod mauris eu elit. Nulla facilisi. Sed neque. Sed eget lacus. Mauris non dui nec urna suscipit nonummy. Fusce fermentum fermentum arcu. Vestibulum ante ipsum primis in faucibus orci luctus et ultrices posuere cubilia Curae; Phasellus ornare. Fusce mollis. Duis sit amet diam eu dolor egestas rhoncus. Proin nisl sem, consequat nec, mollis vitae, posuere at, velit. Cras lorem lorem, luctus ut, pellentesque eget, dictum placerat, augue. Sed molestie. Sed id risus quis diam luctus lobortis. Class aptent taciti sociosqu",2,1,"0.79",82,"2014-04-10 08:50:07",3);
INSERT INTO `task` (`id`,`token`,`title`,`description`,`owner`,`budget_type`,`salary`,`workers`,`deadline`,`promotion`) VALUES (17,"vam94yi7","magna.","vitae velit egestas lacinia. Sed congue, elit sed consequat auctor, nunc nulla vulputate dui, nec tempus mauris erat eget ipsum. Suspendisse sagittis. Nullam vitae diam. Proin dolor. Nulla semper tellus id nunc interdum feugiat. Sed nec metus facilisis lorem tristique aliquet. Phasellus fermentum convallis ligula. Donec luctus aliquet odio. Etiam ligula tortor, dictum eu, placerat eget, venenatis a, magna. Lorem ipsum dolor sit amet, consectetuer adipiscing elit. Etiam laoreet, libero et tristique pellentesque, tellus sem mollis dui, in sodales elit erat vitae risus. Duis a mi fringilla mi lacinia mattis. Integer eu lacus. Quisque imperdiet, erat nonummy ultricies ornare, elit elit fermentum risus, at fringilla purus mauris a nunc. In at pede. Cras vulputate velit eu sem. Pellentesque ut ipsum ac mi eleifend",3,3,"1.28",74,"2014-07-20 02:04:29",4);
INSERT INTO `task` (`id`,`token`,`title`,`description`,`owner`,`budget_type`,`salary`,`workers`,`deadline`,`promotion`) VALUES (18,"cie83zu9","amet, risus. Donec nibh enim, gravida","dictum eu, eleifend nec, malesuada ut, sem. Nulla interdum. Curabitur dictum. Phasellus in felis. Nulla tempor augue ac ipsum. Phasellus vitae mauris sit amet lorem semper auctor. Mauris vel turpis. Aliquam adipiscing lobortis risus. In mi pede, nonummy ut, molestie in, tempus eu, ligula. Aenean euismod mauris eu elit. Nulla facilisi. Sed neque. Sed eget lacus. Mauris non dui nec urna suscipit nonummy. Fusce fermentum fermentum arcu. Vestibulum ante ipsum primis in faucibus orci luctus et ultrices posuere cubilia Curae; Phasellus ornare. Fusce mollis. Duis sit amet diam eu dolor egestas rhoncus. Proin nisl sem, consequat nec, mollis vitae, posuere at, velit. Cras lorem lorem, luctus ut, pellentesque eget, dictum placerat, augue. Sed molestie. Sed id risus quis diam luctus lobortis. Class aptent taciti sociosqu ad litora torquent per conubia nostra, per inceptos hymenaeos. Mauris ut quam vel sapien imperdiet ornare. In faucibus. Morbi vehicula. Pellentesque tincidunt tempus risus. Donec egestas. Duis ac arcu. Nunc mauris. Morbi non sapien molestie orci tincidunt adipiscing. Mauris molestie pharetra nibh. Aliquam ornare, libero at auctor ullamcorper, nisl arcu iaculis enim, sit amet ornare lectus justo eu arcu. Morbi sit amet massa. Quisque porttitor eros nec tellus. Nunc lectus pede, ultrices a, auctor non,",1,1,"0.46",17,"2014-06-18 06:01:49",3);
INSERT INTO `task` (`id`,`token`,`title`,`description`,`owner`,`budget_type`,`salary`,`workers`,`deadline`,`promotion`) VALUES (19,"eol44co1","enim. Nunc ut erat. Sed","Mauris vel turpis. Aliquam adipiscing lobortis risus. In mi pede, nonummy ut, molestie in, tempus eu, ligula. Aenean euismod mauris eu elit. Nulla facilisi. Sed neque. Sed eget lacus. Mauris non dui nec urna suscipit nonummy. Fusce fermentum fermentum arcu. Vestibulum ante ipsum primis in faucibus orci luctus et ultrices posuere cubilia Curae; Phasellus ornare. Fusce mollis. Duis sit amet diam eu dolor egestas rhoncus. Proin nisl sem, consequat nec, mollis vitae, posuere at, velit. Cras lorem lorem, luctus ut, pellentesque eget, dictum placerat, augue. Sed molestie. Sed id risus quis diam luctus lobortis. Class aptent taciti sociosqu ad litora torquent per conubia nostra, per inceptos hymenaeos. Mauris ut quam vel sapien imperdiet ornare. In faucibus. Morbi vehicula. Pellentesque tincidunt tempus risus. Donec egestas. Duis ac arcu. Nunc mauris. Morbi non sapien molestie orci tincidunt adipiscing. Mauris molestie pharetra nibh. Aliquam ornare, libero at auctor ullamcorper, nisl arcu iaculis enim, sit amet ornare lectus justo eu arcu. Morbi sit amet massa. Quisque porttitor eros nec tellus. Nunc lectus pede, ultrices a, auctor non, feugiat nec, diam. Duis mi enim, condimentum eget, volutpat ornare, facilisis eget, ipsum. Donec sollicitudin adipiscing ligula.",3,1,"1.84",60,"2015-01-14 04:45:48",3);
INSERT INTO `task` (`id`,`token`,`title`,`description`,`owner`,`budget_type`,`salary`,`workers`,`deadline`,`promotion`) VALUES (20,"wet04cu7","ullamcorper viverra. Maecenas","risus. Donec egestas. Aliquam nec enim. Nunc ut erat. Sed nunc est, mollis non, cursus non, egestas a, dui. Cras pellentesque. Sed dictum. Proin eget odio. Aliquam vulputate ullamcorper magna. Sed eu eros. Nam consequat dolor vitae dolor. Donec fringilla. Donec feugiat metus sit amet ante. Vivamus non lorem vitae odio sagittis semper. Nam tempor diam",3,1,"0.66",75,"2014-11-19 12:10:23",2);
INSERT INTO `task` (`id`,`token`,`title`,`description`,`owner`,`budget_type`,`salary`,`workers`,`deadline`,`promotion`) VALUES (21,"tem99wa5","blandit mattis. Cras","libero lacus, varius et, euismod et, commodo at, libero. Morbi accumsan laoreet ipsum. Curabitur consequat, lectus sit amet luctus vulputate, nisi sem semper erat, in consectetuer ipsum nunc id enim. Curabitur massa. Vestibulum accumsan neque et nunc. Quisque ornare tortor at risus. Nunc ac sem ut dolor dapibus gravida. Aliquam tincidunt, nunc",3,2,"0.28",5,"2014-04-01 03:20:15",1);
INSERT INTO `task` (`id`,`token`,`title`,`description`,`owner`,`budget_type`,`salary`,`workers`,`deadline`,`promotion`) VALUES (22,"cuk54go0","amet","non ante bibendum ullamcorper. Duis cursus, diam at pretium aliquet, metus urna convallis erat, eget tincidunt dui augue eu tellus. Phasellus elit pede, malesuada vel, venenatis vel, faucibus id, libero. Donec consectetuer mauris id sapien. Cras dolor dolor, tempus non, lacinia at, iaculis quis, pede. Praesent eu dui. Cum sociis natoque penatibus et magnis dis parturient montes, nascetur ridiculus mus. Aenean eget magna. Suspendisse tristique neque venenatis lacus. Etiam bibendum fermentum metus. Aenean sed pede nec ante blandit viverra. Donec tempus, lorem fringilla ornare placerat, orci lacus vestibulum lorem, sit amet ultricies sem magna nec quam. Curabitur vel lectus. Cum sociis natoque penatibus et magnis dis parturient montes, nascetur ridiculus mus. Donec dignissim magna a tortor. Nunc commodo auctor velit. Aliquam nisl. Nulla",2,3,"0.67",13,"2014-06-28 07:16:14",2);
INSERT INTO `task` (`id`,`token`,`title`,`description`,`owner`,`budget_type`,`salary`,`workers`,`deadline`,`promotion`) VALUES (23,"xiu40ru5","arcu. Vivamus sit amet risus.","Sed eu nibh vulputate mauris sagittis placerat. Cras dictum ultricies ligula. Nullam enim. Sed nulla ante, iaculis nec, eleifend non, dapibus rutrum, justo. Praesent luctus. Curabitur egestas nunc sed libero. Proin sed turpis nec mauris blandit mattis. Cras eget nisi dictum augue malesuada malesuada. Integer id magna et ipsum cursus vestibulum. Mauris magna. Duis dignissim tempor arcu. Vestibulum ut eros non enim commodo hendrerit. Donec porttitor tellus non magna. Nam ligula elit, pretium et, rutrum non, hendrerit id, ante. Nunc mauris sapien, cursus in, hendrerit consectetuer, cursus et, magna. Praesent interdum ligula eu enim. Etiam imperdiet dictum magna. Ut tincidunt orci quis lectus. Nullam suscipit, est ac facilisis facilisis, magna tellus faucibus leo, in lobortis tellus justo sit amet nulla. Donec non justo. Proin non massa non ante bibendum ullamcorper. Duis cursus, diam at pretium aliquet, metus urna convallis erat, eget tincidunt dui augue eu tellus. Phasellus elit pede, malesuada vel, venenatis vel, faucibus id, libero. Donec consectetuer mauris id sapien. Cras dolor dolor, tempus non, lacinia at, iaculis quis, pede.",1,2,"1.25",37,"2014-11-03 05:47:57",3);
INSERT INTO `task` (`id`,`token`,`title`,`description`,`owner`,`budget_type`,`salary`,`workers`,`deadline`,`promotion`) VALUES (24,"cef25oa1","nisi","nunc interdum feugiat. Sed nec metus facilisis lorem tristique aliquet. Phasellus fermentum convallis ligula. Donec luctus aliquet odio. Etiam ligula tortor, dictum eu, placerat eget, venenatis a, magna. Lorem ipsum dolor sit amet, consectetuer adipiscing elit. Etiam laoreet, libero et tristique pellentesque, tellus sem mollis dui, in sodales elit erat vitae risus. Duis a mi fringilla mi lacinia mattis. Integer eu lacus. Quisque imperdiet, erat nonummy ultricies ornare, elit elit fermentum",3,3,"0.65",77,"2015-01-23 15:00:41",2);
INSERT INTO `task` (`id`,`token`,`title`,`description`,`owner`,`budget_type`,`salary`,`workers`,`deadline`,`promotion`) VALUES (25,"boc43xu9","ornare. In faucibus. Morbi vehicula. Pellentesque tincidunt","dui. Cum sociis natoque penatibus et magnis dis parturient montes, nascetur ridiculus mus. Aenean eget magna. Suspendisse tristique neque venenatis lacus. Etiam bibendum fermentum metus. Aenean sed pede nec ante blandit viverra. Donec tempus, lorem fringilla ornare placerat, orci",2,2,"1.70",51,"2014-08-22 08:51:40",2);
INSERT INTO `task` (`id`,`token`,`title`,`description`,`owner`,`budget_type`,`salary`,`workers`,`deadline`,`promotion`) VALUES (26,"pox66gu7","nisl. Quisque fringilla euismod enim. Etiam","ornare lectus justo eu arcu. Morbi sit amet massa. Quisque porttitor eros nec tellus. Nunc lectus pede, ultrices a, auctor non, feugiat nec, diam. Duis mi enim, condimentum eget, volutpat ornare, facilisis eget, ipsum. Donec sollicitudin adipiscing ligula. Aenean gravida nunc sed pede. Cum sociis natoque penatibus et magnis dis parturient montes, nascetur ridiculus mus. Proin vel arcu eu odio tristique pharetra. Quisque ac libero nec",3,1,"0.35",72,"2014-12-20 15:48:37",1);
INSERT INTO `task` (`id`,`token`,`title`,`description`,`owner`,`budget_type`,`salary`,`workers`,`deadline`,`promotion`) VALUES (27,"heh01ro2","nunc ac mattis","eget ipsum. Suspendisse sagittis. Nullam vitae diam. Proin dolor. Nulla semper tellus id nunc interdum feugiat. Sed nec metus facilisis lorem tristique aliquet. Phasellus fermentum convallis ligula. Donec luctus aliquet odio. Etiam ligula tortor, dictum eu, placerat eget, venenatis a, magna. Lorem ipsum dolor sit amet, consectetuer adipiscing elit. Etiam laoreet, libero et tristique pellentesque, tellus sem mollis dui, in sodales elit erat vitae risus. Duis a mi fringilla mi lacinia",2,2,"1.20",93,"2014-10-01 17:46:15",1);
INSERT INTO `task` (`id`,`token`,`title`,`description`,`owner`,`budget_type`,`salary`,`workers`,`deadline`,`promotion`) VALUES (28,"liu45yi5","magna. Praesent interdum ligula","ac libero nec ligula consectetuer rhoncus. Nullam velit dui, semper et, lacinia vitae, sodales at, velit. Pellentesque ultricies dignissim lacus. Aliquam rutrum lorem ac risus. Morbi metus. Vivamus euismod urna. Nullam lobortis quam a felis ullamcorper viverra. Maecenas iaculis aliquet diam. Sed diam lorem, auctor quis, tristique ac, eleifend vitae, erat. Vivamus nisi. Mauris nulla. Integer urna. Vivamus molestie dapibus ligula. Aliquam erat volutpat. Nulla dignissim. Maecenas ornare egestas ligula. Nullam feugiat placerat velit. Quisque varius. Nam porttitor scelerisque neque. Nullam nisl. Maecenas malesuada fringilla est. Mauris eu turpis. Nulla aliquet. Proin velit. Sed malesuada augue ut lacus. Nulla tincidunt, neque vitae semper egestas, urna justo faucibus lectus, a sollicitudin orci sem eget massa. Suspendisse eleifend. Cras sed leo. Cras vehicula aliquet libero. Integer in magna. Phasellus dolor elit, pellentesque a, facilisis non, bibendum sed, est. Nunc laoreet lectus quis massa. Mauris vestibulum, neque sed dictum eleifend, nunc risus varius orci, in consequat enim diam vel arcu. Curabitur ut odio vel est tempor bibendum. Donec felis orci, adipiscing non, luctus sit amet, faucibus ut, nulla. Cras",1,3,"1.46",70,"2014-07-14 20:20:32",3);
INSERT INTO `task` (`id`,`token`,`title`,`description`,`owner`,`budget_type`,`salary`,`workers`,`deadline`,`promotion`) VALUES (29,"xia77wo5","sapien. Aenean massa. Integer vitae nibh. Donec","aliquam adipiscing lacus. Ut nec urna et arcu imperdiet ullamcorper. Duis at lacus. Quisque purus sapien, gravida non, sollicitudin a, malesuada id, erat. Etiam vestibulum massa rutrum magna. Cras convallis convallis dolor. Quisque tincidunt pede ac urna. Ut tincidunt vehicula risus. Nulla eget metus eu erat semper rutrum. Fusce dolor quam, elementum at, egestas a, scelerisque sed, sapien. Nunc pulvinar arcu et pede. Nunc sed orci lobortis augue scelerisque mollis. Phasellus libero mauris, aliquam eu, accumsan sed, facilisis vitae, orci. Phasellus dapibus quam quis diam. Pellentesque habitant morbi tristique senectus et netus et malesuada fames ac turpis egestas. Fusce aliquet magna a neque. Nullam ut nisi a odio semper cursus. Integer mollis. Integer tincidunt aliquam arcu. Aliquam ultrices iaculis odio. Nam",2,1,"0.71",80,"2014-07-28 17:37:38",3);
INSERT INTO `task` (`id`,`token`,`title`,`description`,`owner`,`budget_type`,`salary`,`workers`,`deadline`,`promotion`) VALUES (30,"euw06oa1","placerat. Cras dictum","consequat enim diam vel arcu. Curabitur ut odio vel est tempor bibendum. Donec felis orci, adipiscing non, luctus sit amet, faucibus ut, nulla. Cras eu tellus eu augue porttitor interdum. Sed auctor odio a purus. Duis elementum, dui quis accumsan convallis, ante lectus convallis est, vitae sodales nisi magna sed dui. Fusce aliquam, enim nec tempus scelerisque, lorem ipsum sodales purus, in molestie tortor nibh sit amet orci. Ut sagittis lobortis mauris. Suspendisse aliquet molestie tellus. Aenean egestas hendrerit neque. In ornare sagittis felis. Donec tempor, est ac mattis semper, dui lectus rutrum urna, nec luctus felis purus ac tellus. Suspendisse sed dolor. Fusce mi lorem, vehicula et, rutrum eu, ultrices sit amet, risus. Donec nibh enim, gravida sit amet, dapibus id, blandit at, nisi. Cum sociis natoque penatibus et magnis dis parturient montes, nascetur ridiculus mus. Proin",1,3,"1.92",48,"2014-07-24 21:52:19",2);
INSERT INTO `task` (`id`,`token`,`title`,`description`,`owner`,`budget_type`,`salary`,`workers`,`deadline`,`promotion`) VALUES (31,"ius49au8","suscipit, est","dapibus quam quis diam. Pellentesque habitant morbi tristique senectus et netus et malesuada fames ac turpis egestas. Fusce aliquet magna a neque. Nullam ut nisi a odio semper cursus. Integer mollis. Integer tincidunt aliquam arcu. Aliquam ultrices iaculis odio. Nam interdum enim non nisi. Aenean eget metus. In nec orci. Donec nibh. Quisque nonummy ipsum non arcu. Vivamus sit amet risus. Donec egestas. Aliquam nec enim. Nunc ut erat. Sed nunc est, mollis non, cursus non, egestas a, dui. Cras pellentesque. Sed dictum. Proin eget odio. Aliquam vulputate ullamcorper magna. Sed eu eros. Nam consequat dolor vitae dolor. Donec fringilla. Donec feugiat metus sit amet ante. Vivamus non lorem vitae odio sagittis semper. Nam tempor diam dictum sapien. Aenean massa. Integer",3,2,"0.02",40,"2014-10-29 12:44:58",4);
INSERT INTO `task` (`id`,`token`,`title`,`description`,`owner`,`budget_type`,`salary`,`workers`,`deadline`,`promotion`) VALUES (32,"bib77fa8","Sed diam lorem, auctor","eros. Proin ultrices. Duis volutpat nunc sit amet metus. Aliquam erat volutpat. Nulla facilisis. Suspendisse commodo tincidunt nibh. Phasellus nulla. Integer vulputate, risus a ultricies adipiscing, enim mi tempor lorem, eget mollis lectus pede et risus. Quisque libero lacus, varius et, euismod et, commodo at, libero. Morbi accumsan laoreet ipsum. Curabitur consequat, lectus sit amet luctus vulputate, nisi sem semper erat, in consectetuer ipsum nunc id enim. Curabitur massa. Vestibulum accumsan neque et nunc. Quisque ornare tortor at risus. Nunc ac sem ut dolor dapibus gravida. Aliquam tincidunt, nunc ac mattis ornare, lectus ante dictum mi, ac mattis velit justo nec ante. Maecenas mi felis, adipiscing fringilla, porttitor vulputate, posuere vulputate, lacus. Cras interdum. Nunc sollicitudin commodo ipsum. Suspendisse non leo. Vivamus nibh dolor, nonummy ac, feugiat non, lobortis quis, pede. Suspendisse dui. Fusce diam nunc, ullamcorper eu, euismod ac, fermentum vel, mauris. Integer sem elit, pharetra ut, pharetra sed, hendrerit a, arcu. Sed et libero. Proin",2,3,"1.24",2,"2014-08-05 17:18:12",3);
INSERT INTO `task` (`id`,`token`,`title`,`description`,`owner`,`budget_type`,`salary`,`workers`,`deadline`,`promotion`) VALUES (33,"qoq21ei1","tristique senectus et netus et malesuada fames","dolor elit, pellentesque a, facilisis non, bibendum sed, est. Nunc laoreet lectus quis massa. Mauris vestibulum, neque sed dictum eleifend, nunc risus varius orci, in consequat enim diam vel arcu. Curabitur ut odio vel est tempor bibendum. Donec felis orci, adipiscing non, luctus sit amet, faucibus ut, nulla. Cras eu tellus eu augue porttitor interdum. Sed auctor odio a",2,1,"0.86",53,"2014-08-15 07:01:45",2);
INSERT INTO `task` (`id`,`token`,`title`,`description`,`owner`,`budget_type`,`salary`,`workers`,`deadline`,`promotion`) VALUES (34,"gad86lo3","turpis non enim. Mauris quis","venenatis vel, faucibus id, libero. Donec consectetuer mauris id sapien. Cras dolor dolor, tempus non, lacinia at, iaculis quis, pede. Praesent eu dui. Cum sociis natoque penatibus et magnis dis parturient montes, nascetur ridiculus mus. Aenean eget magna. Suspendisse tristique neque venenatis lacus. Etiam bibendum fermentum metus. Aenean sed pede nec ante blandit viverra. Donec tempus, lorem fringilla ornare placerat, orci lacus vestibulum lorem, sit amet ultricies sem magna nec quam. Curabitur vel lectus. Cum sociis natoque penatibus et magnis dis parturient montes, nascetur ridiculus mus. Donec dignissim magna a tortor. Nunc commodo auctor velit. Aliquam nisl. Nulla eu neque pellentesque massa lobortis ultrices. Vivamus rhoncus. Donec est. Nunc ullamcorper, velit in aliquet lobortis, nisi nibh lacinia orci, consectetuer euismod est arcu ac orci. Ut semper pretium neque. Morbi quis urna. Nunc quis arcu vel quam dignissim pharetra. Nam",1,3,"1.92",3,"2014-06-27 15:02:33",1);
INSERT INTO `task` (`id`,`token`,`title`,`description`,`owner`,`budget_type`,`salary`,`workers`,`deadline`,`promotion`) VALUES (35,"ven42ve8","Morbi sit amet massa. Quisque porttitor","lacinia vitae, sodales at, velit. Pellentesque ultricies dignissim lacus. Aliquam rutrum lorem ac risus. Morbi metus. Vivamus euismod urna. Nullam lobortis quam a felis ullamcorper viverra. Maecenas iaculis aliquet diam. Sed diam lorem, auctor quis, tristique ac, eleifend vitae, erat. Vivamus nisi. Mauris nulla. Integer urna. Vivamus molestie dapibus ligula. Aliquam erat volutpat. Nulla dignissim. Maecenas ornare egestas ligula. Nullam feugiat placerat velit. Quisque varius. Nam porttitor scelerisque neque. Nullam nisl. Maecenas malesuada fringilla est. Mauris eu turpis. Nulla aliquet. Proin velit. Sed malesuada augue ut lacus. Nulla tincidunt, neque vitae semper egestas, urna justo faucibus lectus, a sollicitudin orci sem eget massa. Suspendisse eleifend. Cras sed leo. Cras vehicula aliquet libero. Integer in magna. Phasellus dolor elit, pellentesque a, facilisis non, bibendum sed, est. Nunc laoreet lectus quis massa. Mauris vestibulum, neque sed dictum eleifend, nunc risus varius orci, in consequat enim diam vel arcu. Curabitur ut odio vel est tempor bibendum. Donec felis orci, adipiscing non, luctus sit amet, faucibus ut, nulla. Cras eu tellus eu augue porttitor interdum. Sed auctor odio a purus. Duis elementum, dui quis accumsan convallis, ante lectus convallis est, vitae sodales nisi magna sed dui. Fusce aliquam, enim nec",1,3,"0.94",22,"2015-01-18 16:08:34",3);
INSERT INTO `task` (`id`,`token`,`title`,`description`,`owner`,`budget_type`,`salary`,`workers`,`deadline`,`promotion`) VALUES (36,"hob01no5","a mi fringilla mi lacinia mattis. Integer","ante ipsum primis in faucibus orci luctus et ultrices posuere cubilia Curae; Donec tincidunt. Donec vitae erat vel pede blandit congue. In scelerisque scelerisque dui. Suspendisse ac metus vitae velit egestas",3,2,"1.66",15,"2014-12-20 16:52:28",3);
INSERT INTO `task` (`id`,`token`,`title`,`description`,`owner`,`budget_type`,`salary`,`workers`,`deadline`,`promotion`) VALUES (37,"jul76bi1","aliquet molestie","sed dictum eleifend, nunc risus varius orci, in consequat enim diam vel arcu. Curabitur ut odio vel est tempor bibendum. Donec felis orci, adipiscing non, luctus sit amet, faucibus ut, nulla. Cras eu tellus eu augue porttitor interdum. Sed auctor odio a purus. Duis elementum, dui quis accumsan convallis, ante lectus convallis est, vitae sodales nisi magna sed dui. Fusce aliquam, enim nec tempus scelerisque, lorem ipsum sodales purus, in molestie tortor nibh sit amet orci. Ut sagittis lobortis mauris. Suspendisse aliquet molestie tellus. Aenean egestas hendrerit neque. In ornare sagittis felis. Donec tempor, est ac mattis semper, dui lectus rutrum urna, nec luctus felis purus ac tellus. Suspendisse sed dolor. Fusce mi lorem, vehicula et, rutrum eu, ultrices sit amet, risus. Donec nibh enim, gravida sit amet, dapibus id, blandit at, nisi. Cum sociis natoque penatibus et magnis dis parturient montes, nascetur ridiculus mus. Proin vel nisl. Quisque fringilla euismod enim. Etiam gravida molestie arcu. Sed eu nibh vulputate mauris sagittis placerat. Cras dictum ultricies ligula. Nullam enim. Sed nulla ante, iaculis nec,",1,2,"1.74",84,"2014-12-17 21:33:43",3);
INSERT INTO `task` (`id`,`token`,`title`,`description`,`owner`,`budget_type`,`salary`,`workers`,`deadline`,`promotion`) VALUES (38,"wor33ba8","arcu. Vestibulum ante ipsum primis in","Etiam imperdiet dictum magna. Ut tincidunt orci quis lectus. Nullam suscipit, est ac facilisis facilisis, magna tellus faucibus leo, in lobortis tellus justo sit amet nulla. Donec non justo. Proin non massa non ante bibendum ullamcorper. Duis cursus, diam at pretium aliquet, metus urna convallis erat, eget tincidunt dui augue eu tellus. Phasellus elit pede, malesuada vel, venenatis vel, faucibus id, libero. Donec consectetuer mauris id sapien. Cras dolor dolor, tempus non, lacinia at, iaculis quis, pede. Praesent eu dui. Cum sociis natoque penatibus et magnis dis parturient montes, nascetur ridiculus mus. Aenean eget magna. Suspendisse tristique neque venenatis lacus. Etiam bibendum fermentum metus. Aenean sed pede nec ante blandit viverra. Donec tempus, lorem fringilla ornare placerat, orci lacus vestibulum lorem, sit amet ultricies sem magna nec quam. Curabitur vel lectus. Cum sociis natoque penatibus et magnis dis parturient montes, nascetur ridiculus mus.",1,1,"0.49",43,"2015-01-25 02:33:06",3);
INSERT INTO `task` (`id`,`token`,`title`,`description`,`owner`,`budget_type`,`salary`,`workers`,`deadline`,`promotion`) VALUES (39,"mae56xa8","ut aliquam iaculis, lacus pede sagittis","dapibus quam quis diam. Pellentesque habitant morbi tristique senectus et netus et malesuada fames ac turpis egestas. Fusce aliquet magna a neque. Nullam ut nisi a odio semper cursus. Integer mollis. Integer tincidunt aliquam arcu. Aliquam ultrices iaculis odio. Nam interdum enim non nisi. Aenean eget metus. In nec orci. Donec nibh. Quisque nonummy ipsum non arcu. Vivamus sit amet risus. Donec egestas. Aliquam nec enim. Nunc ut erat. Sed nunc est, mollis non, cursus non, egestas a, dui.",3,3,"1.87",15,"2014-07-06 07:32:57",4);
INSERT INTO `task` (`id`,`token`,`title`,`description`,`owner`,`budget_type`,`salary`,`workers`,`deadline`,`promotion`) VALUES (40,"boi11yi1","dis parturient montes, nascetur","ornare tortor at risus. Nunc ac sem ut dolor dapibus gravida. Aliquam tincidunt, nunc ac mattis ornare, lectus ante dictum mi, ac mattis velit justo nec ante. Maecenas mi felis, adipiscing fringilla, porttitor vulputate, posuere vulputate, lacus. Cras interdum. Nunc sollicitudin commodo ipsum. Suspendisse non leo. Vivamus nibh dolor, nonummy ac, feugiat non, lobortis quis, pede. Suspendisse dui. Fusce diam nunc, ullamcorper eu, euismod ac, fermentum vel, mauris. Integer sem elit, pharetra ut, pharetra sed, hendrerit a, arcu. Sed et libero. Proin mi. Aliquam gravida mauris ut mi. Duis risus odio, auctor vitae, aliquet nec, imperdiet nec, leo. Morbi neque tellus, imperdiet non, vestibulum nec, euismod in, dolor. Fusce feugiat. Lorem ipsum dolor sit amet, consectetuer adipiscing elit.",3,1,"1.38",93,"2014-11-17 01:36:31",4);
INSERT INTO `task` (`id`,`token`,`title`,`description`,`owner`,`budget_type`,`salary`,`workers`,`deadline`,`promotion`) VALUES (41,"yum58yi0","In","volutpat nunc sit amet metus. Aliquam erat volutpat. Nulla facilisis. Suspendisse commodo tincidunt nibh. Phasellus nulla. Integer vulputate, risus a ultricies adipiscing, enim mi tempor lorem, eget mollis lectus pede et risus. Quisque libero lacus, varius et, euismod et, commodo at, libero. Morbi accumsan laoreet ipsum. Curabitur consequat, lectus sit amet luctus vulputate, nisi sem semper erat, in consectetuer ipsum nunc id enim. Curabitur massa. Vestibulum accumsan neque et nunc. Quisque ornare tortor at risus. Nunc ac sem ut dolor dapibus gravida. Aliquam tincidunt, nunc ac mattis ornare, lectus ante dictum mi, ac mattis",1,3,"0.73",95,"2014-09-20 00:23:37",4);
INSERT INTO `task` (`id`,`token`,`title`,`description`,`owner`,`budget_type`,`salary`,`workers`,`deadline`,`promotion`) VALUES (42,"def91ri7","diam dictum","penatibus et magnis dis parturient montes, nascetur ridiculus mus. Proin vel nisl. Quisque fringilla euismod enim. Etiam gravida molestie arcu. Sed eu nibh vulputate mauris sagittis placerat. Cras dictum ultricies ligula. Nullam enim. Sed nulla ante, iaculis nec, eleifend non, dapibus rutrum, justo. Praesent luctus. Curabitur egestas nunc sed libero. Proin sed turpis nec mauris blandit mattis. Cras eget nisi dictum augue malesuada malesuada. Integer id magna et ipsum cursus vestibulum. Mauris magna. Duis dignissim tempor arcu. Vestibulum ut eros non enim commodo hendrerit. Donec porttitor tellus non magna. Nam ligula elit, pretium et, rutrum non, hendrerit id, ante. Nunc mauris sapien, cursus in, hendrerit consectetuer, cursus et, magna. Praesent interdum ligula eu enim. Etiam imperdiet dictum magna. Ut tincidunt orci quis lectus. Nullam suscipit, est ac facilisis facilisis, magna tellus faucibus leo, in lobortis tellus justo sit amet nulla. Donec non justo. Proin non massa non ante bibendum ullamcorper. Duis cursus, diam at pretium aliquet, metus urna convallis erat, eget tincidunt dui augue eu tellus. Phasellus elit pede, malesuada vel, venenatis vel, faucibus id, libero. Donec consectetuer",3,1,"0.50",48,"2014-09-26 02:41:35",1);
INSERT INTO `task` (`id`,`token`,`title`,`description`,`owner`,`budget_type`,`salary`,`workers`,`deadline`,`promotion`) VALUES (43,"cew56ii0","neque. Sed eget lacus. Mauris non","ac mattis semper, dui lectus rutrum urna, nec luctus felis purus ac tellus. Suspendisse sed dolor. Fusce mi lorem, vehicula et, rutrum eu, ultrices sit amet, risus. Donec nibh enim, gravida sit amet, dapibus id, blandit at, nisi. Cum sociis natoque penatibus et magnis dis parturient montes, nascetur ridiculus mus. Proin vel nisl. Quisque fringilla euismod enim. Etiam gravida molestie arcu. Sed eu nibh vulputate mauris sagittis placerat. Cras dictum ultricies ligula. Nullam enim. Sed nulla ante, iaculis nec, eleifend non, dapibus rutrum, justo. Praesent luctus. Curabitur egestas nunc sed libero. Proin sed turpis nec mauris blandit mattis. Cras eget nisi dictum augue malesuada malesuada. Integer id magna et ipsum cursus vestibulum. Mauris magna. Duis dignissim tempor arcu. Vestibulum ut eros non enim commodo hendrerit. Donec porttitor tellus non magna.",1,3,"0.57",30,"2014-08-02 23:19:55",3);
INSERT INTO `task` (`id`,`token`,`title`,`description`,`owner`,`budget_type`,`salary`,`workers`,`deadline`,`promotion`) VALUES (44,"weh09ca7","et, commodo at,","luctus et ultrices posuere cubilia Curae; Phasellus ornare. Fusce mollis. Duis sit amet diam eu dolor egestas rhoncus. Proin nisl sem, consequat nec, mollis vitae, posuere at, velit. Cras lorem lorem, luctus ut, pellentesque eget, dictum placerat, augue. Sed molestie. Sed id risus quis diam luctus lobortis. Class aptent taciti sociosqu ad litora torquent per conubia nostra, per inceptos hymenaeos. Mauris ut quam vel sapien imperdiet ornare. In faucibus. Morbi vehicula. Pellentesque tincidunt tempus risus. Donec egestas. Duis ac arcu. Nunc mauris. Morbi non sapien molestie orci tincidunt adipiscing. Mauris molestie pharetra nibh. Aliquam ornare, libero at auctor ullamcorper, nisl arcu iaculis enim, sit amet ornare lectus justo eu arcu. Morbi sit amet massa. Quisque porttitor eros nec tellus. Nunc lectus pede, ultrices a, auctor non, feugiat nec, diam. Duis mi enim, condimentum eget, volutpat ornare, facilisis eget, ipsum. Donec sollicitudin adipiscing ligula. Aenean gravida nunc sed pede. Cum sociis natoque penatibus et magnis dis parturient",3,2,"0.77",90,"2014-04-01 03:51:16",3);
INSERT INTO `task` (`id`,`token`,`title`,`description`,`owner`,`budget_type`,`salary`,`workers`,`deadline`,`promotion`) VALUES (45,"cam93ta0","orci luctus et ultrices posuere cubilia Curae;","vulputate, nisi sem semper erat, in consectetuer ipsum nunc id enim. Curabitur massa. Vestibulum accumsan neque et nunc. Quisque ornare tortor at risus. Nunc ac sem ut dolor dapibus gravida. Aliquam tincidunt, nunc ac mattis ornare, lectus ante dictum mi, ac mattis velit justo nec ante. Maecenas mi felis, adipiscing",2,3,"1.53",94,"2014-07-07 08:46:33",4);
INSERT INTO `task` (`id`,`token`,`title`,`description`,`owner`,`budget_type`,`salary`,`workers`,`deadline`,`promotion`) VALUES (46,"eas01ma6","arcu vel quam dignissim","a, enim. Suspendisse aliquet, sem ut cursus luctus, ipsum leo elementum sem, vitae aliquam eros turpis non enim. Mauris quis turpis vitae purus gravida sagittis. Duis gravida. Praesent eu nulla at sem molestie sodales. Mauris blandit enim consequat purus. Maecenas libero est, congue a, aliquet vel, vulputate eu, odio. Phasellus at augue id ante dictum cursus. Nunc mauris elit, dictum eu, eleifend nec, malesuada ut, sem. Nulla interdum. Curabitur dictum. Phasellus in felis. Nulla tempor augue ac ipsum. Phasellus vitae mauris sit amet lorem semper auctor. Mauris vel turpis. Aliquam adipiscing lobortis risus. In mi pede, nonummy ut, molestie in, tempus eu, ligula. Aenean euismod mauris eu elit. Nulla facilisi. Sed neque. Sed eget lacus. Mauris non dui nec urna suscipit nonummy. Fusce fermentum fermentum arcu. Vestibulum ante ipsum primis in faucibus orci luctus et ultrices posuere cubilia Curae; Phasellus ornare. Fusce mollis. Duis sit amet diam eu dolor egestas rhoncus. Proin nisl sem, consequat nec, mollis vitae, posuere",2,2,"0.20",12,"2014-08-09 23:40:53",2);
INSERT INTO `task` (`id`,`token`,`title`,`description`,`owner`,`budget_type`,`salary`,`workers`,`deadline`,`promotion`) VALUES (47,"qos95ru3","feugiat placerat velit. Quisque varius. Nam","sem egestas blandit. Nam nulla magna, malesuada vel, convallis in, cursus et, eros. Proin ultrices. Duis volutpat nunc sit amet metus. Aliquam erat volutpat. Nulla facilisis. Suspendisse commodo tincidunt nibh. Phasellus nulla. Integer vulputate, risus a ultricies adipiscing, enim mi tempor lorem, eget mollis lectus pede et risus. Quisque libero lacus, varius et, euismod et, commodo at, libero. Morbi accumsan laoreet ipsum. Curabitur consequat, lectus sit amet luctus vulputate, nisi sem semper erat, in consectetuer ipsum nunc id enim. Curabitur massa. Vestibulum accumsan neque et nunc. Quisque ornare tortor at risus. Nunc ac sem ut dolor dapibus gravida. Aliquam tincidunt, nunc ac mattis ornare,",1,2,"1.07",49,"2014-06-01 08:22:30",1);
INSERT INTO `task` (`id`,`token`,`title`,`description`,`owner`,`budget_type`,`salary`,`workers`,`deadline`,`promotion`) VALUES (48,"kuq65ye2","Aliquam erat volutpat. Nulla","ut, pellentesque eget, dictum placerat, augue. Sed molestie. Sed id risus quis diam luctus lobortis. Class aptent taciti sociosqu ad litora torquent per conubia nostra, per inceptos hymenaeos. Mauris ut quam vel sapien imperdiet ornare. In faucibus. Morbi vehicula. Pellentesque tincidunt tempus risus. Donec egestas. Duis ac arcu. Nunc mauris. Morbi non sapien molestie orci tincidunt adipiscing. Mauris molestie pharetra nibh. Aliquam ornare, libero at auctor ullamcorper, nisl arcu iaculis enim, sit amet ornare",3,1,"1.75",96,"2014-06-05 09:01:31",1);
INSERT INTO `task` (`id`,`token`,`title`,`description`,`owner`,`budget_type`,`salary`,`workers`,`deadline`,`promotion`) VALUES (49,"xud93ao0","lorem, vehicula et, rutrum eu, ultrices sit","adipiscing lobortis risus. In mi pede, nonummy ut, molestie in, tempus eu, ligula. Aenean euismod mauris eu elit. Nulla facilisi. Sed neque. Sed eget lacus. Mauris non dui nec urna suscipit nonummy. Fusce fermentum fermentum arcu. Vestibulum ante ipsum primis in faucibus orci luctus et ultrices posuere cubilia Curae; Phasellus ornare. Fusce mollis. Duis sit amet diam eu",2,3,"1.63",81,"2014-03-10 20:32:40",3);
INSERT INTO `task` (`id`,`token`,`title`,`description`,`owner`,`budget_type`,`salary`,`workers`,`deadline`,`promotion`) VALUES (50,"huu78ee7","augue scelerisque mollis. Phasellus libero mauris,","semper, dui lectus rutrum urna, nec luctus felis purus ac tellus. Suspendisse sed dolor. Fusce mi lorem, vehicula et, rutrum eu, ultrices sit amet, risus. Donec nibh enim, gravida sit amet, dapibus id, blandit at, nisi. Cum sociis natoque penatibus et magnis dis parturient montes, nascetur ridiculus mus. Proin vel nisl. Quisque fringilla euismod enim. Etiam gravida molestie arcu. Sed eu nibh vulputate mauris sagittis placerat. Cras dictum ultricies ligula. Nullam enim. Sed nulla ante, iaculis nec, eleifend non, dapibus rutrum, justo. Praesent luctus. Curabitur egestas nunc sed libero. Proin sed turpis nec mauris blandit mattis. Cras eget nisi dictum augue malesuada malesuada. Integer id magna et ipsum cursus vestibulum. Mauris magna. Duis dignissim tempor arcu. Vestibulum ut eros non enim commodo hendrerit. Donec porttitor tellus non magna. Nam ligula elit, pretium et, rutrum non, hendrerit id, ante. Nunc mauris sapien, cursus in, hendrerit consectetuer, cursus et, magna. Praesent interdum ligula eu enim. Etiam imperdiet dictum magna. Ut tincidunt orci quis lectus. Nullam suscipit, est ac",2,2,"0.49",79,"2014-08-19 00:29:16",4);
INSERT INTO `task` (`id`,`token`,`title`,`description`,`owner`,`budget_type`,`salary`,`workers`,`deadline`,`promotion`) VALUES (51,"zir43xa4","fringilla","risus quis diam luctus lobortis. Class aptent taciti sociosqu ad litora torquent per conubia nostra, per inceptos hymenaeos. Mauris ut quam vel sapien imperdiet ornare. In faucibus. Morbi vehicula. Pellentesque tincidunt tempus risus. Donec egestas. Duis ac arcu. Nunc mauris. Morbi non sapien molestie orci tincidunt adipiscing. Mauris molestie pharetra nibh. Aliquam ornare, libero at auctor ullamcorper, nisl arcu iaculis enim, sit amet ornare lectus justo",2,2,"1.72",10,"2014-07-01 04:24:29",2);
INSERT INTO `task` (`id`,`token`,`title`,`description`,`owner`,`budget_type`,`salary`,`workers`,`deadline`,`promotion`) VALUES (52,"noz54so6","scelerisque neque sed sem egestas blandit.","pharetra nibh. Aliquam ornare, libero at auctor ullamcorper, nisl arcu iaculis enim, sit amet ornare lectus justo eu arcu. Morbi sit amet massa. Quisque porttitor eros nec tellus. Nunc lectus pede, ultrices a, auctor non, feugiat nec, diam. Duis mi enim, condimentum eget, volutpat ornare, facilisis eget, ipsum. Donec sollicitudin adipiscing ligula. Aenean gravida nunc sed pede. Cum sociis natoque penatibus et magnis dis parturient montes,",3,2,"1.66",9,"2014-04-08 02:25:14",4);
INSERT INTO `task` (`id`,`token`,`title`,`description`,`owner`,`budget_type`,`salary`,`workers`,`deadline`,`promotion`) VALUES (53,"rip97xa8","dictum ultricies ligula. Nullam enim. Sed nulla","porttitor scelerisque neque. Nullam nisl. Maecenas malesuada fringilla est. Mauris eu turpis. Nulla aliquet. Proin velit. Sed malesuada augue ut lacus. Nulla tincidunt, neque vitae semper egestas, urna justo faucibus lectus, a sollicitudin orci sem eget massa. Suspendisse eleifend. Cras sed leo. Cras vehicula aliquet libero. Integer in magna. Phasellus dolor elit,",1,1,"1.58",7,"2014-11-02 09:22:06",4);
INSERT INTO `task` (`id`,`token`,`title`,`description`,`owner`,`budget_type`,`salary`,`workers`,`deadline`,`promotion`) VALUES (54,"sie05gu5","dui, in sodales elit erat vitae risus.","eget, ipsum. Donec sollicitudin adipiscing ligula. Aenean gravida nunc sed pede. Cum sociis natoque penatibus et magnis dis parturient montes, nascetur ridiculus mus. Proin vel arcu eu odio tristique pharetra. Quisque ac libero nec ligula consectetuer rhoncus. Nullam velit dui, semper et, lacinia vitae, sodales at, velit. Pellentesque ultricies dignissim lacus. Aliquam rutrum lorem ac risus. Morbi metus. Vivamus euismod urna. Nullam lobortis quam a felis ullamcorper viverra. Maecenas iaculis aliquet diam. Sed diam lorem, auctor quis, tristique ac, eleifend vitae, erat. Vivamus nisi. Mauris nulla. Integer urna. Vivamus molestie dapibus ligula. Aliquam erat volutpat. Nulla dignissim. Maecenas ornare egestas ligula. Nullam feugiat placerat velit. Quisque varius. Nam porttitor scelerisque neque. Nullam nisl. Maecenas malesuada fringilla est. Mauris eu turpis. Nulla aliquet. Proin velit. Sed malesuada augue ut lacus. Nulla tincidunt, neque vitae semper egestas, urna justo faucibus lectus, a sollicitudin orci sem eget massa. Suspendisse eleifend. Cras sed leo. Cras vehicula aliquet libero. Integer in magna. Phasellus dolor elit, pellentesque a, facilisis non, bibendum sed, est.",2,2,"1.04",6,"2014-09-07 22:36:32",4);
INSERT INTO `task` (`id`,`token`,`title`,`description`,`owner`,`budget_type`,`salary`,`workers`,`deadline`,`promotion`) VALUES (55,"qio90aa3","Sed malesuada","Vestibulum ut eros non enim commodo hendrerit. Donec porttitor tellus non magna. Nam ligula elit, pretium et, rutrum non, hendrerit id, ante. Nunc mauris sapien, cursus in, hendrerit consectetuer, cursus et, magna. Praesent interdum ligula eu enim. Etiam imperdiet dictum magna. Ut tincidunt orci quis lectus. Nullam suscipit, est ac facilisis facilisis, magna tellus faucibus leo, in lobortis tellus justo sit amet nulla. Donec non justo. Proin non massa non ante bibendum",3,3,"1.08",62,"2014-11-27 18:13:02",1);
INSERT INTO `task` (`id`,`token`,`title`,`description`,`owner`,`budget_type`,`salary`,`workers`,`deadline`,`promotion`) VALUES (56,"kox06si1","adipiscing","mi tempor lorem, eget mollis lectus pede et risus. Quisque libero lacus, varius et, euismod et, commodo at, libero. Morbi accumsan laoreet ipsum. Curabitur consequat, lectus sit amet luctus vulputate, nisi sem semper erat, in consectetuer ipsum nunc id enim. Curabitur massa. Vestibulum accumsan neque et nunc. Quisque ornare tortor at risus. Nunc ac sem ut dolor dapibus gravida. Aliquam tincidunt, nunc ac mattis ornare, lectus",3,1,"0.19",40,"2014-04-28 01:41:44",3);
INSERT INTO `task` (`id`,`token`,`title`,`description`,`owner`,`budget_type`,`salary`,`workers`,`deadline`,`promotion`) VALUES (57,"ceq80eo8","fermentum arcu.","pede et risus. Quisque libero lacus, varius et, euismod et, commodo at, libero. Morbi accumsan laoreet ipsum. Curabitur consequat, lectus sit amet luctus vulputate, nisi sem semper erat, in consectetuer ipsum nunc id enim. Curabitur massa. Vestibulum accumsan neque et nunc. Quisque ornare tortor at risus. Nunc ac sem ut dolor dapibus gravida. Aliquam",1,2,"0.04",96,"2014-09-16 09:44:37",2);
INSERT INTO `task` (`id`,`token`,`title`,`description`,`owner`,`budget_type`,`salary`,`workers`,`deadline`,`promotion`) VALUES (58,"ias56de8","iaculis odio. Nam interdum enim non nisi.","dolor dapibus gravida. Aliquam tincidunt, nunc ac mattis ornare, lectus ante dictum mi, ac mattis velit justo nec ante. Maecenas mi felis, adipiscing fringilla, porttitor vulputate, posuere vulputate, lacus. Cras interdum. Nunc sollicitudin commodo ipsum. Suspendisse non leo. Vivamus nibh dolor, nonummy ac, feugiat non, lobortis quis, pede. Suspendisse dui. Fusce diam nunc, ullamcorper eu, euismod ac, fermentum vel, mauris. Integer sem elit, pharetra ut, pharetra sed, hendrerit a, arcu. Sed et libero. Proin mi. Aliquam gravida mauris ut mi. Duis risus odio, auctor vitae, aliquet nec, imperdiet nec, leo. Morbi neque tellus, imperdiet non, vestibulum nec, euismod in, dolor. Fusce feugiat. Lorem ipsum dolor sit amet, consectetuer adipiscing elit. Aliquam auctor, velit eget laoreet posuere, enim nisl elementum purus, accumsan interdum libero",2,1,"0.67",6,"2015-01-19 12:04:49",4);
INSERT INTO `task` (`id`,`token`,`title`,`description`,`owner`,`budget_type`,`salary`,`workers`,`deadline`,`promotion`) VALUES (59,"kub21io0","elit. Aliquam auctor, velit eget laoreet","massa. Integer vitae nibh. Donec est mauris, rhoncus id, mollis nec, cursus a, enim. Suspendisse aliquet, sem ut cursus luctus, ipsum leo elementum sem, vitae aliquam eros turpis non enim. Mauris quis turpis vitae purus gravida sagittis. Duis gravida.",3,3,"1.28",86,"2014-08-22 12:55:56",3);
INSERT INTO `task` (`id`,`token`,`title`,`description`,`owner`,`budget_type`,`salary`,`workers`,`deadline`,`promotion`) VALUES (60,"uue26mu1","tincidunt vehicula risus.","urna. Nullam lobortis quam a felis ullamcorper viverra. Maecenas iaculis aliquet diam. Sed diam lorem, auctor quis, tristique ac, eleifend vitae, erat. Vivamus nisi. Mauris nulla. Integer urna. Vivamus molestie dapibus ligula. Aliquam erat volutpat. Nulla dignissim. Maecenas ornare egestas ligula. Nullam feugiat placerat velit. Quisque varius. Nam porttitor scelerisque neque. Nullam nisl. Maecenas malesuada fringilla est. Mauris eu turpis. Nulla aliquet. Proin velit. Sed malesuada augue ut lacus. Nulla tincidunt, neque vitae semper egestas, urna justo faucibus lectus, a sollicitudin orci sem eget massa. Suspendisse",2,3,"0.74",68,"2014-05-13 16:24:38",3);
INSERT INTO `task` (`id`,`token`,`title`,`description`,`owner`,`budget_type`,`salary`,`workers`,`deadline`,`promotion`) VALUES (61,"eiz41to1","imperdiet dictum magna. Ut tincidunt orci","sit amet metus. Aliquam erat volutpat. Nulla facilisis. Suspendisse commodo tincidunt nibh. Phasellus nulla. Integer vulputate, risus a ultricies adipiscing, enim mi tempor lorem, eget mollis lectus pede et risus. Quisque libero lacus, varius et, euismod et, commodo at, libero. Morbi accumsan laoreet ipsum. Curabitur consequat, lectus sit amet luctus vulputate, nisi sem semper erat, in consectetuer ipsum nunc id enim. Curabitur massa. Vestibulum accumsan neque et nunc. Quisque ornare tortor at risus. Nunc ac sem ut dolor dapibus gravida. Aliquam tincidunt, nunc ac mattis ornare, lectus ante dictum mi, ac mattis velit justo nec ante.",1,2,"0.34",89,"2014-12-25 12:19:02",3);
INSERT INTO `task` (`id`,`token`,`title`,`description`,`owner`,`budget_type`,`salary`,`workers`,`deadline`,`promotion`) VALUES (62,"uig73cu8","Ut sagittis lobortis","vitae, sodales at, velit. Pellentesque ultricies dignissim lacus. Aliquam rutrum lorem ac risus. Morbi metus. Vivamus euismod urna. Nullam lobortis quam a felis ullamcorper viverra. Maecenas iaculis aliquet diam. Sed diam lorem, auctor quis, tristique ac, eleifend vitae, erat. Vivamus nisi. Mauris nulla. Integer urna. Vivamus molestie dapibus ligula. Aliquam erat volutpat. Nulla dignissim. Maecenas",1,1,"1.80",44,"2014-12-04 22:42:51",3);
INSERT INTO `task` (`id`,`token`,`title`,`description`,`owner`,`budget_type`,`salary`,`workers`,`deadline`,`promotion`) VALUES (63,"cal19yu6","aliquet diam. Sed diam","Duis dignissim tempor arcu. Vestibulum ut eros non enim commodo hendrerit. Donec porttitor tellus non magna. Nam ligula elit, pretium et, rutrum non, hendrerit id, ante. Nunc mauris sapien, cursus in, hendrerit consectetuer, cursus et, magna. Praesent interdum ligula eu enim. Etiam imperdiet dictum magna. Ut tincidunt orci quis lectus. Nullam suscipit, est ac facilisis facilisis, magna",3,2,"1.42",56,"2014-04-18 14:54:12",1);
INSERT INTO `task` (`id`,`token`,`title`,`description`,`owner`,`budget_type`,`salary`,`workers`,`deadline`,`promotion`) VALUES (64,"ruu80io4","sem elit, pharetra ut, pharetra sed, hendrerit","dis parturient montes, nascetur ridiculus mus. Proin vel arcu eu odio tristique pharetra. Quisque ac libero nec ligula consectetuer rhoncus. Nullam velit dui, semper et, lacinia vitae, sodales at, velit. Pellentesque ultricies dignissim lacus. Aliquam rutrum lorem ac risus. Morbi metus. Vivamus euismod urna. Nullam lobortis quam a felis ullamcorper viverra. Maecenas iaculis aliquet diam. Sed diam lorem, auctor quis, tristique ac, eleifend vitae, erat. Vivamus nisi. Mauris nulla. Integer urna. Vivamus molestie dapibus ligula. Aliquam erat volutpat. Nulla dignissim. Maecenas ornare egestas ligula. Nullam feugiat placerat velit. Quisque varius. Nam porttitor scelerisque neque. Nullam nisl. Maecenas malesuada fringilla est. Mauris eu turpis. Nulla aliquet. Proin velit. Sed malesuada augue ut lacus. Nulla tincidunt, neque vitae semper egestas, urna justo faucibus lectus, a sollicitudin orci sem eget",1,2,"0.63",83,"2014-03-20 14:33:52",1);
INSERT INTO `task` (`id`,`token`,`title`,`description`,`owner`,`budget_type`,`salary`,`workers`,`deadline`,`promotion`) VALUES (65,"yuw65bu0","sociis natoque penatibus et","mollis dui, in sodales elit erat vitae risus. Duis a mi fringilla mi lacinia mattis. Integer eu lacus. Quisque imperdiet, erat nonummy ultricies ornare, elit elit fermentum risus, at fringilla purus mauris a nunc. In at pede. Cras vulputate velit eu sem. Pellentesque ut ipsum",2,2,"0.25",78,"2014-08-04 06:03:43",3);
INSERT INTO `task` (`id`,`token`,`title`,`description`,`owner`,`budget_type`,`salary`,`workers`,`deadline`,`promotion`) VALUES (66,"rab48ou4","ipsum. Phasellus vitae mauris","amet, dapibus id, blandit at, nisi. Cum sociis natoque penatibus et magnis dis parturient montes, nascetur ridiculus mus. Proin vel nisl. Quisque fringilla euismod enim. Etiam gravida molestie arcu. Sed eu nibh vulputate mauris sagittis placerat. Cras dictum ultricies ligula. Nullam enim. Sed nulla ante, iaculis nec, eleifend non, dapibus rutrum, justo. Praesent luctus. Curabitur egestas nunc sed libero. Proin sed turpis nec mauris blandit mattis. Cras eget nisi dictum augue malesuada malesuada. Integer id magna et ipsum cursus vestibulum. Mauris magna. Duis dignissim tempor arcu.",1,2,"0.06",59,"2014-10-31 02:23:35",2);
INSERT INTO `task` (`id`,`token`,`title`,`description`,`owner`,`budget_type`,`salary`,`workers`,`deadline`,`promotion`) VALUES (67,"aup70vu6","Nulla facilisi.","fermentum arcu. Vestibulum ante ipsum primis in faucibus orci luctus et ultrices posuere cubilia Curae; Phasellus ornare. Fusce mollis. Duis sit amet diam eu dolor egestas rhoncus. Proin nisl sem, consequat nec, mollis",2,3,"0.08",77,"2014-05-28 19:29:14",3);
INSERT INTO `task` (`id`,`token`,`title`,`description`,`owner`,`budget_type`,`salary`,`workers`,`deadline`,`promotion`) VALUES (68,"zub87oo7","tincidunt dui augue eu tellus. Phasellus","non, bibendum sed, est. Nunc laoreet lectus quis massa. Mauris vestibulum, neque sed dictum eleifend, nunc risus varius orci, in consequat enim diam vel arcu. Curabitur ut odio vel est tempor bibendum. Donec felis orci, adipiscing non, luctus sit amet, faucibus ut, nulla. Cras eu tellus eu augue porttitor interdum. Sed auctor odio a purus. Duis elementum, dui quis accumsan convallis, ante",3,1,"0.69",37,"2014-12-29 14:33:54",3);
INSERT INTO `task` (`id`,`token`,`title`,`description`,`owner`,`budget_type`,`salary`,`workers`,`deadline`,`promotion`) VALUES (69,"wor75ha0","mollis vitae, posuere at,","Phasellus ornare. Fusce mollis. Duis sit amet diam eu dolor egestas rhoncus. Proin nisl sem, consequat nec, mollis vitae, posuere at, velit. Cras lorem lorem, luctus ut, pellentesque eget, dictum placerat, augue. Sed molestie. Sed id risus quis diam luctus lobortis. Class aptent taciti sociosqu ad litora torquent per conubia nostra, per inceptos hymenaeos. Mauris",1,2,"0.37",100,"2014-06-26 22:26:44",3);
INSERT INTO `task` (`id`,`token`,`title`,`description`,`owner`,`budget_type`,`salary`,`workers`,`deadline`,`promotion`) VALUES (70,"vow25gi3","ultricies sem magna nec","massa. Integer vitae nibh. Donec est mauris, rhoncus id, mollis nec, cursus a, enim. Suspendisse aliquet, sem ut cursus luctus, ipsum leo elementum sem, vitae aliquam eros turpis non enim. Mauris quis turpis vitae purus gravida sagittis. Duis gravida. Praesent",3,3,"1.60",78,"2014-07-05 02:13:17",2);
INSERT INTO `task` (`id`,`token`,`title`,`description`,`owner`,`budget_type`,`salary`,`workers`,`deadline`,`promotion`) VALUES (71,"eei76so1","non magna. Nam ligula","mauris a nunc. In at pede. Cras vulputate velit eu sem. Pellentesque ut ipsum ac mi eleifend egestas. Sed pharetra, felis eget varius ultrices, mauris ipsum porta elit, a feugiat tellus lorem eu metus. In lorem. Donec elementum, lorem ut aliquam iaculis, lacus pede sagittis augue, eu tempor erat neque non quam. Pellentesque habitant morbi tristique senectus et netus et malesuada fames ac turpis egestas. Aliquam fringilla cursus purus. Nullam scelerisque neque sed sem egestas blandit. Nam nulla magna, malesuada",2,3,"0.22",12,"2014-05-15 10:49:34",3);
INSERT INTO `task` (`id`,`token`,`title`,`description`,`owner`,`budget_type`,`salary`,`workers`,`deadline`,`promotion`) VALUES (72,"beb26ke4","Proin velit. Sed malesuada augue ut","tincidunt congue turpis. In condimentum. Donec at arcu. Vestibulum ante ipsum primis in faucibus orci luctus et ultrices posuere cubilia Curae; Donec tincidunt. Donec vitae erat vel pede blandit congue. In scelerisque scelerisque dui. Suspendisse ac metus vitae velit egestas lacinia. Sed congue, elit sed consequat auctor, nunc nulla vulputate dui, nec tempus mauris erat eget ipsum. Suspendisse sagittis. Nullam vitae diam. Proin dolor. Nulla semper tellus id nunc interdum feugiat. Sed nec metus facilisis lorem tristique aliquet. Phasellus fermentum convallis ligula. Donec luctus aliquet odio. Etiam ligula tortor, dictum eu, placerat eget, venenatis a, magna. Lorem ipsum dolor sit amet, consectetuer adipiscing elit. Etiam laoreet, libero et tristique pellentesque, tellus sem mollis dui, in sodales elit erat vitae risus. Duis a mi fringilla mi lacinia mattis. Integer eu",1,2,"1.01",49,"2015-01-07 14:25:49",2);
INSERT INTO `task` (`id`,`token`,`title`,`description`,`owner`,`budget_type`,`salary`,`workers`,`deadline`,`promotion`) VALUES (73,"rab91fu5","risus a ultricies adipiscing,","nonummy ultricies ornare, elit elit fermentum risus, at fringilla purus mauris a nunc. In at pede. Cras vulputate velit eu sem. Pellentesque ut ipsum ac mi eleifend egestas. Sed pharetra, felis eget varius ultrices, mauris ipsum porta elit, a feugiat tellus lorem eu metus. In lorem. Donec elementum, lorem ut aliquam iaculis, lacus pede sagittis augue, eu tempor erat neque non quam. Pellentesque habitant morbi tristique senectus et netus et malesuada fames ac turpis egestas. Aliquam fringilla cursus purus. Nullam scelerisque neque sed sem egestas blandit. Nam nulla magna, malesuada vel, convallis in, cursus et, eros. Proin ultrices. Duis volutpat nunc sit amet metus. Aliquam erat volutpat. Nulla facilisis. Suspendisse commodo tincidunt nibh. Phasellus nulla. Integer vulputate, risus a ultricies adipiscing, enim mi tempor lorem, eget mollis lectus pede et risus. Quisque libero lacus, varius et, euismod et, commodo at, libero. Morbi accumsan laoreet ipsum. Curabitur consequat, lectus sit amet luctus vulputate, nisi sem semper erat,",3,1,"1.32",87,"2015-01-24 02:53:42",1);
INSERT INTO `task` (`id`,`token`,`title`,`description`,`owner`,`budget_type`,`salary`,`workers`,`deadline`,`promotion`) VALUES (74,"xux16vi5","conubia nostra, per inceptos hymenaeos. Mauris ut","urna. Vivamus molestie dapibus ligula. Aliquam erat volutpat. Nulla dignissim. Maecenas ornare egestas ligula. Nullam feugiat placerat velit. Quisque varius. Nam porttitor scelerisque neque. Nullam nisl. Maecenas malesuada fringilla est. Mauris eu turpis. Nulla aliquet. Proin velit. Sed malesuada augue ut lacus. Nulla tincidunt, neque vitae semper egestas, urna justo faucibus lectus, a sollicitudin orci sem eget massa. Suspendisse eleifend. Cras sed leo. Cras vehicula aliquet libero. Integer in magna. Phasellus dolor elit, pellentesque a, facilisis non, bibendum sed, est. Nunc laoreet lectus quis massa. Mauris vestibulum, neque sed dictum eleifend, nunc risus varius orci, in consequat enim diam vel arcu. Curabitur ut odio vel est tempor bibendum. Donec felis orci, adipiscing non, luctus sit amet, faucibus ut, nulla. Cras eu tellus eu augue porttitor interdum. Sed auctor odio a purus. Duis elementum, dui quis accumsan convallis, ante lectus convallis est, vitae sodales nisi magna sed dui. Fusce aliquam, enim nec tempus scelerisque, lorem ipsum sodales purus, in molestie tortor nibh sit amet orci. Ut sagittis lobortis mauris. Suspendisse aliquet",2,1,"1.93",72,"2014-04-01 11:28:22",3);
INSERT INTO `task` (`id`,`token`,`title`,`description`,`owner`,`budget_type`,`salary`,`workers`,`deadline`,`promotion`) VALUES (75,"sos75va7","euismod","nec enim. Nunc ut erat. Sed nunc est, mollis non, cursus non, egestas a, dui. Cras pellentesque. Sed dictum. Proin eget odio. Aliquam vulputate ullamcorper magna. Sed eu eros. Nam consequat dolor vitae dolor. Donec fringilla. Donec feugiat metus sit amet ante. Vivamus non lorem vitae odio sagittis semper. Nam tempor diam dictum sapien. Aenean massa. Integer vitae nibh. Donec est mauris, rhoncus id, mollis nec, cursus a, enim. Suspendisse aliquet, sem ut cursus luctus, ipsum leo elementum sem, vitae aliquam eros turpis non enim. Mauris quis turpis vitae purus gravida sagittis. Duis gravida. Praesent eu nulla at sem molestie sodales. Mauris blandit enim consequat purus. Maecenas",1,1,"1.07",82,"2014-03-23 19:30:33",3);
INSERT INTO `task` (`id`,`token`,`title`,`description`,`owner`,`budget_type`,`salary`,`workers`,`deadline`,`promotion`) VALUES (76,"ooh33ja1","orci lobortis augue","pellentesque eget, dictum placerat, augue. Sed molestie. Sed id risus quis diam luctus lobortis. Class aptent taciti sociosqu ad litora torquent per conubia nostra, per inceptos hymenaeos. Mauris ut quam vel sapien imperdiet ornare. In faucibus. Morbi vehicula. Pellentesque tincidunt tempus risus. Donec egestas. Duis ac arcu. Nunc mauris. Morbi non sapien molestie orci tincidunt adipiscing. Mauris molestie pharetra nibh. Aliquam ornare, libero at auctor ullamcorper, nisl arcu iaculis enim, sit amet ornare lectus justo eu arcu. Morbi sit amet massa. Quisque porttitor eros nec tellus. Nunc lectus pede, ultrices a, auctor non, feugiat nec, diam. Duis mi enim, condimentum eget, volutpat ornare, facilisis eget, ipsum. Donec sollicitudin adipiscing ligula. Aenean gravida nunc sed pede. Cum sociis natoque penatibus et magnis dis parturient montes, nascetur ridiculus mus. Proin vel arcu eu odio tristique pharetra. Quisque ac libero nec ligula consectetuer rhoncus. Nullam velit dui, semper et, lacinia vitae, sodales at, velit. Pellentesque ultricies dignissim lacus. Aliquam rutrum lorem ac risus. Morbi metus. Vivamus euismod urna. Nullam lobortis quam a felis ullamcorper viverra. Maecenas iaculis aliquet diam. Sed diam lorem,",3,2,"1.74",35,"2014-10-10 00:03:50",3);
INSERT INTO `task` (`id`,`token`,`title`,`description`,`owner`,`budget_type`,`salary`,`workers`,`deadline`,`promotion`) VALUES (77,"kin97bu8","consectetuer adipiscing elit. Etiam laoreet, libero","Praesent interdum ligula eu enim. Etiam imperdiet dictum magna. Ut tincidunt orci quis lectus. Nullam suscipit, est ac facilisis facilisis, magna tellus faucibus leo, in lobortis tellus justo sit amet nulla. Donec non justo. Proin non massa non ante bibendum ullamcorper. Duis cursus, diam at pretium aliquet, metus urna convallis erat, eget tincidunt dui augue eu tellus. Phasellus elit pede, malesuada vel, venenatis vel, faucibus id, libero. Donec consectetuer mauris id sapien. Cras dolor dolor, tempus non, lacinia at, iaculis quis, pede. Praesent eu dui. Cum sociis natoque penatibus et magnis dis parturient montes, nascetur ridiculus mus. Aenean eget magna. Suspendisse tristique neque venenatis lacus. Etiam bibendum fermentum metus. Aenean sed pede nec",3,1,"1.05",69,"2015-01-24 15:30:24",2);
INSERT INTO `task` (`id`,`token`,`title`,`description`,`owner`,`budget_type`,`salary`,`workers`,`deadline`,`promotion`) VALUES (78,"xed46ni3","mi pede, nonummy ut, molestie in,","libero nec ligula consectetuer rhoncus. Nullam velit dui, semper et, lacinia vitae, sodales at, velit. Pellentesque ultricies dignissim lacus. Aliquam rutrum lorem ac risus. Morbi metus. Vivamus euismod urna. Nullam lobortis quam a felis ullamcorper viverra. Maecenas iaculis aliquet diam. Sed diam lorem, auctor quis, tristique ac, eleifend vitae, erat. Vivamus nisi. Mauris nulla. Integer urna. Vivamus molestie dapibus ligula. Aliquam erat volutpat. Nulla dignissim. Maecenas ornare egestas ligula. Nullam feugiat placerat velit. Quisque varius. Nam porttitor scelerisque neque. Nullam nisl. Maecenas malesuada fringilla est. Mauris eu turpis. Nulla aliquet. Proin velit. Sed malesuada augue ut lacus. Nulla tincidunt, neque vitae semper egestas, urna justo faucibus lectus, a sollicitudin orci sem eget massa. Suspendisse eleifend. Cras sed leo. Cras vehicula aliquet libero. Integer in magna. Phasellus dolor elit, pellentesque a, facilisis non, bibendum sed, est. Nunc laoreet lectus",3,1,"1.46",2,"2014-07-06 03:49:07",4);
INSERT INTO `task` (`id`,`token`,`title`,`description`,`owner`,`budget_type`,`salary`,`workers`,`deadline`,`promotion`) VALUES (79,"oon63gu8","arcu. Sed et libero. Proin mi. Aliquam","urna. Nunc quis arcu vel quam dignissim pharetra. Nam ac nulla. In tincidunt congue turpis. In condimentum. Donec at arcu. Vestibulum ante ipsum primis in faucibus orci luctus et ultrices posuere cubilia Curae; Donec tincidunt. Donec vitae erat vel pede blandit congue. In scelerisque scelerisque dui. Suspendisse ac metus vitae velit egestas lacinia. Sed congue, elit sed consequat auctor, nunc nulla vulputate dui, nec tempus mauris erat eget ipsum. Suspendisse sagittis. Nullam vitae diam. Proin dolor. Nulla semper tellus id nunc interdum feugiat. Sed nec metus facilisis lorem tristique aliquet. Phasellus fermentum convallis ligula. Donec luctus aliquet odio. Etiam ligula tortor, dictum eu, placerat eget, venenatis a, magna. Lorem ipsum dolor sit amet, consectetuer adipiscing elit. Etiam laoreet, libero et tristique pellentesque, tellus sem mollis dui, in sodales elit erat vitae risus. Duis a mi fringilla mi lacinia mattis. Integer eu lacus. Quisque imperdiet, erat nonummy ultricies ornare, elit elit fermentum risus, at fringilla purus mauris a nunc. In at",2,2,"1.21",63,"2014-10-03 20:10:24",4);
INSERT INTO `task` (`id`,`token`,`title`,`description`,`owner`,`budget_type`,`salary`,`workers`,`deadline`,`promotion`) VALUES (80,"wew21gi1","purus mauris a nunc.","tellus faucibus leo, in lobortis tellus justo sit amet nulla. Donec non justo. Proin non massa non ante bibendum ullamcorper. Duis cursus, diam at pretium aliquet, metus urna convallis erat, eget tincidunt dui augue eu tellus. Phasellus elit pede, malesuada vel, venenatis vel, faucibus id, libero. Donec consectetuer mauris id sapien. Cras dolor dolor, tempus non, lacinia at, iaculis quis, pede. Praesent eu dui. Cum sociis natoque penatibus et magnis dis parturient montes, nascetur ridiculus mus. Aenean eget magna. Suspendisse tristique neque venenatis lacus. Etiam bibendum fermentum metus. Aenean sed pede nec ante blandit viverra. Donec tempus, lorem fringilla ornare placerat, orci lacus vestibulum lorem, sit amet ultricies sem magna nec quam. Curabitur vel lectus. Cum sociis natoque penatibus et magnis dis parturient montes, nascetur ridiculus mus. Donec dignissim magna a tortor. Nunc commodo auctor",2,2,"0.84",21,"2014-06-13 11:17:08",3);
INSERT INTO `task` (`id`,`token`,`title`,`description`,`owner`,`budget_type`,`salary`,`workers`,`deadline`,`promotion`) VALUES (81,"kut17xo1","amet, consectetuer adipiscing","consectetuer euismod est arcu ac orci. Ut semper pretium neque. Morbi quis urna. Nunc quis arcu vel quam dignissim pharetra. Nam ac nulla. In tincidunt congue turpis. In condimentum. Donec at arcu. Vestibulum ante ipsum primis in faucibus orci luctus et ultrices posuere cubilia Curae; Donec tincidunt. Donec vitae erat vel pede blandit congue. In scelerisque scelerisque dui. Suspendisse ac metus vitae velit egestas lacinia. Sed congue, elit sed consequat auctor, nunc nulla vulputate dui, nec tempus mauris erat eget ipsum. Suspendisse sagittis. Nullam vitae diam. Proin dolor. Nulla semper tellus id nunc interdum feugiat. Sed nec metus facilisis lorem tristique aliquet. Phasellus fermentum convallis ligula. Donec luctus aliquet odio. Etiam ligula tortor, dictum eu, placerat eget, venenatis a, magna. Lorem ipsum dolor sit amet, consectetuer adipiscing elit. Etiam laoreet, libero et tristique pellentesque, tellus sem mollis dui, in sodales elit erat vitae risus. Duis a mi fringilla mi lacinia mattis. Integer eu lacus. Quisque imperdiet, erat nonummy ultricies ornare, elit elit fermentum risus, at fringilla purus mauris a nunc. In at pede. Cras vulputate velit eu sem. Pellentesque ut ipsum ac mi eleifend egestas. Sed pharetra, felis eget varius ultrices, mauris ipsum porta elit, a feugiat",2,1,"1.13",68,"2014-03-30 04:55:03",3);
INSERT INTO `task` (`id`,`token`,`title`,`description`,`owner`,`budget_type`,`salary`,`workers`,`deadline`,`promotion`) VALUES (82,"deu71bu7","amet, consectetuer","ultricies ornare, elit elit fermentum risus, at fringilla purus mauris a nunc. In at pede. Cras vulputate velit eu sem. Pellentesque ut ipsum ac mi eleifend egestas. Sed pharetra, felis eget varius ultrices, mauris ipsum porta elit, a feugiat tellus lorem eu metus. In lorem. Donec elementum, lorem ut aliquam iaculis, lacus pede sagittis augue, eu tempor erat neque non quam. Pellentesque habitant morbi tristique senectus et netus et malesuada fames ac turpis egestas. Aliquam fringilla cursus purus. Nullam scelerisque neque sed sem egestas blandit. Nam nulla magna, malesuada vel, convallis in, cursus et, eros. Proin ultrices. Duis volutpat nunc sit amet metus. Aliquam erat volutpat. Nulla facilisis. Suspendisse commodo tincidunt nibh. Phasellus nulla. Integer vulputate, risus a ultricies adipiscing, enim mi tempor lorem, eget mollis lectus pede et risus. Quisque libero lacus, varius et, euismod et, commodo at, libero. Morbi accumsan laoreet ipsum. Curabitur consequat, lectus sit amet luctus vulputate, nisi sem semper erat, in consectetuer ipsum nunc id enim. Curabitur massa. Vestibulum accumsan neque et nunc. Quisque ornare",3,3,"0.43",15,"2014-05-24 02:46:42",3);
INSERT INTO `task` (`id`,`token`,`title`,`description`,`owner`,`budget_type`,`salary`,`workers`,`deadline`,`promotion`) VALUES (83,"cic02oi2","sed pede. Cum","pharetra. Nam ac nulla. In tincidunt congue turpis. In condimentum. Donec at arcu. Vestibulum ante ipsum primis in faucibus orci luctus et ultrices posuere cubilia Curae; Donec tincidunt. Donec vitae erat vel pede blandit congue. In scelerisque scelerisque dui. Suspendisse ac metus vitae velit egestas lacinia. Sed congue, elit sed consequat auctor, nunc nulla vulputate dui, nec tempus mauris erat eget ipsum. Suspendisse sagittis. Nullam vitae diam. Proin dolor. Nulla semper tellus id nunc interdum feugiat. Sed nec metus facilisis lorem tristique aliquet. Phasellus fermentum convallis",1,2,"1.33",44,"2014-05-11 18:39:35",3);
INSERT INTO `task` (`id`,`token`,`title`,`description`,`owner`,`budget_type`,`salary`,`workers`,`deadline`,`promotion`) VALUES (84,"tes12ba1","tristique neque venenatis","Integer id magna et ipsum cursus vestibulum. Mauris magna. Duis dignissim tempor arcu. Vestibulum ut eros non enim commodo hendrerit. Donec porttitor tellus non magna. Nam ligula elit, pretium et, rutrum non, hendrerit id, ante. Nunc mauris sapien, cursus in, hendrerit consectetuer, cursus et, magna. Praesent interdum ligula eu enim. Etiam imperdiet dictum magna. Ut tincidunt orci quis lectus. Nullam suscipit, est ac facilisis facilisis, magna tellus faucibus leo, in lobortis tellus justo",3,1,"0.58",67,"2014-07-01 05:34:32",3);
INSERT INTO `task` (`id`,`token`,`title`,`description`,`owner`,`budget_type`,`salary`,`workers`,`deadline`,`promotion`) VALUES (85,"biq42le4","commodo at, libero.","bibendum fermentum metus. Aenean sed pede nec ante blandit viverra. Donec tempus, lorem fringilla ornare placerat, orci lacus vestibulum lorem, sit amet ultricies sem magna nec quam. Curabitur vel lectus. Cum sociis natoque penatibus et magnis dis parturient montes, nascetur ridiculus mus. Donec dignissim magna a tortor. Nunc commodo auctor velit. Aliquam nisl. Nulla eu neque pellentesque massa lobortis ultrices. Vivamus rhoncus. Donec est. Nunc ullamcorper, velit in aliquet lobortis, nisi nibh lacinia orci, consectetuer euismod est arcu ac orci. Ut semper pretium neque. Morbi quis urna. Nunc quis arcu vel quam dignissim pharetra. Nam ac nulla. In tincidunt congue turpis. In condimentum. Donec at arcu. Vestibulum ante ipsum primis in faucibus orci luctus et ultrices posuere cubilia Curae; Donec tincidunt. Donec vitae erat vel pede blandit congue. In scelerisque scelerisque",3,2,"1.45",28,"2015-02-14 03:44:24",1);
INSERT INTO `task` (`id`,`token`,`title`,`description`,`owner`,`budget_type`,`salary`,`workers`,`deadline`,`promotion`) VALUES (86,"boy62io3","dignissim pharetra. Nam ac nulla.","tempus, lorem fringilla ornare placerat, orci lacus vestibulum lorem, sit amet ultricies sem magna nec quam. Curabitur vel lectus. Cum sociis natoque penatibus et magnis dis parturient montes, nascetur ridiculus mus. Donec dignissim magna a tortor. Nunc commodo auctor velit. Aliquam nisl. Nulla eu neque pellentesque massa lobortis ultrices. Vivamus rhoncus. Donec est. Nunc ullamcorper, velit in aliquet lobortis, nisi nibh lacinia orci, consectetuer euismod est arcu ac orci. Ut semper pretium neque. Morbi quis urna. Nunc quis arcu vel quam dignissim pharetra. Nam ac nulla. In tincidunt congue turpis. In condimentum. Donec at arcu. Vestibulum ante ipsum primis in faucibus orci luctus et ultrices posuere cubilia Curae; Donec tincidunt. Donec vitae erat vel pede blandit congue. In scelerisque scelerisque dui. Suspendisse ac metus vitae velit egestas lacinia. Sed congue, elit sed consequat auctor, nunc nulla vulputate dui, nec tempus mauris erat eget ipsum. Suspendisse sagittis. Nullam vitae",3,3,"1.80",29,"2014-10-09 09:26:30",4);
INSERT INTO `task` (`id`,`token`,`title`,`description`,`owner`,`budget_type`,`salary`,`workers`,`deadline`,`promotion`) VALUES (87,"waz54wa7","quis","mi tempor lorem, eget mollis lectus pede et risus. Quisque libero lacus, varius et, euismod et, commodo at, libero. Morbi accumsan laoreet ipsum. Curabitur consequat, lectus sit amet luctus vulputate, nisi sem semper erat, in consectetuer ipsum nunc id enim. Curabitur massa. Vestibulum accumsan neque et nunc. Quisque ornare tortor at risus. Nunc ac sem ut dolor dapibus gravida. Aliquam tincidunt, nunc ac mattis ornare, lectus ante dictum mi, ac mattis velit justo nec ante. Maecenas mi",2,1,"0.67",47,"2014-10-31 00:57:16",2);
INSERT INTO `task` (`id`,`token`,`title`,`description`,`owner`,`budget_type`,`salary`,`workers`,`deadline`,`promotion`) VALUES (88,"kaw02ii3","commodo at, libero. Morbi accumsan laoreet ipsum.","vestibulum, neque sed dictum eleifend, nunc risus varius orci, in consequat enim diam vel arcu. Curabitur ut odio vel est tempor bibendum. Donec felis orci, adipiscing non, luctus sit amet, faucibus ut, nulla. Cras eu tellus eu augue porttitor interdum. Sed auctor odio a purus. Duis elementum, dui quis accumsan convallis, ante lectus convallis est, vitae sodales nisi magna sed dui. Fusce aliquam, enim nec tempus scelerisque, lorem ipsum sodales purus, in molestie tortor nibh sit amet orci. Ut sagittis lobortis mauris. Suspendisse aliquet molestie tellus. Aenean egestas hendrerit neque. In ornare sagittis felis. Donec tempor, est ac mattis semper, dui lectus rutrum urna, nec luctus felis purus ac tellus. Suspendisse",2,1,"1.26",48,"2014-12-08 20:08:12",2);
INSERT INTO `task` (`id`,`token`,`title`,`description`,`owner`,`budget_type`,`salary`,`workers`,`deadline`,`promotion`) VALUES (89,"kub94za1","Nulla tempor augue ac","Cras dolor dolor, tempus non, lacinia at, iaculis quis, pede. Praesent eu dui. Cum sociis natoque penatibus et magnis dis parturient montes, nascetur ridiculus mus. Aenean eget magna. Suspendisse tristique neque venenatis lacus. Etiam bibendum fermentum metus. Aenean sed pede nec ante blandit viverra. Donec tempus, lorem fringilla ornare placerat, orci lacus vestibulum lorem, sit amet ultricies sem magna nec quam. Curabitur vel lectus. Cum sociis natoque penatibus",1,2,"1.28",60,"2014-12-03 05:05:29",4);
INSERT INTO `task` (`id`,`token`,`title`,`description`,`owner`,`budget_type`,`salary`,`workers`,`deadline`,`promotion`) VALUES (90,"zos37so4","nulla. Integer vulputate, risus a ultricies adipiscing,","accumsan convallis, ante lectus convallis est, vitae sodales nisi magna sed dui. Fusce aliquam, enim nec tempus scelerisque, lorem ipsum sodales purus, in molestie tortor nibh sit amet orci. Ut sagittis lobortis mauris. Suspendisse aliquet molestie tellus. Aenean egestas hendrerit neque. In ornare sagittis felis. Donec tempor, est ac mattis semper, dui lectus rutrum urna, nec luctus felis purus ac tellus. Suspendisse sed dolor. Fusce mi lorem, vehicula et, rutrum eu, ultrices sit amet, risus. Donec nibh enim, gravida sit amet, dapibus id, blandit at, nisi. Cum sociis natoque penatibus et magnis dis parturient montes, nascetur ridiculus mus. Proin vel nisl. Quisque fringilla euismod enim. Etiam gravida molestie arcu. Sed eu nibh vulputate mauris sagittis placerat. Cras dictum ultricies ligula. Nullam enim. Sed nulla ante, iaculis nec, eleifend non, dapibus rutrum, justo. Praesent luctus. Curabitur egestas",3,3,"1.62",60,"2014-12-01 15:36:42",1);
INSERT INTO `task` (`id`,`token`,`title`,`description`,`owner`,`budget_type`,`salary`,`workers`,`deadline`,`promotion`) VALUES (91,"xiz80ai6","venenatis lacus. Etiam bibendum fermentum metus. Aenean","nunc interdum feugiat. Sed nec metus facilisis lorem tristique aliquet. Phasellus fermentum convallis ligula. Donec luctus aliquet odio. Etiam ligula tortor, dictum eu, placerat eget, venenatis a, magna. Lorem ipsum dolor sit amet, consectetuer adipiscing elit. Etiam laoreet, libero et tristique pellentesque, tellus sem mollis dui, in sodales elit erat vitae risus. Duis a mi fringilla mi lacinia mattis. Integer eu lacus. Quisque imperdiet, erat nonummy ultricies ornare, elit elit fermentum risus, at fringilla purus mauris a nunc. In at pede. Cras vulputate velit eu sem. Pellentesque ut ipsum ac mi eleifend egestas. Sed",3,1,"0.93",91,"2014-06-15 20:59:08",3);
INSERT INTO `task` (`id`,`token`,`title`,`description`,`owner`,`budget_type`,`salary`,`workers`,`deadline`,`promotion`) VALUES (92,"hui65we7","elit. Curabitur sed tortor. Integer aliquam","molestie tortor nibh sit amet orci. Ut sagittis lobortis mauris. Suspendisse aliquet molestie tellus. Aenean egestas hendrerit neque. In ornare sagittis felis. Donec tempor, est ac mattis semper, dui lectus rutrum urna, nec luctus felis purus ac tellus. Suspendisse sed dolor. Fusce mi lorem, vehicula et, rutrum eu, ultrices sit amet, risus. Donec nibh",2,3,"0.06",71,"2014-05-03 01:07:46",4);
INSERT INTO `task` (`id`,`token`,`title`,`description`,`owner`,`budget_type`,`salary`,`workers`,`deadline`,`promotion`) VALUES (93,"reg85aa4","urna. Vivamus molestie dapibus","et, euismod et, commodo at, libero. Morbi accumsan laoreet ipsum. Curabitur consequat, lectus sit amet luctus vulputate, nisi sem semper erat, in consectetuer ipsum nunc id enim. Curabitur massa. Vestibulum accumsan neque et nunc. Quisque ornare tortor at risus. Nunc ac sem ut dolor dapibus gravida. Aliquam tincidunt, nunc ac mattis ornare, lectus ante dictum mi, ac mattis velit justo nec ante. Maecenas mi felis, adipiscing fringilla, porttitor vulputate, posuere vulputate, lacus. Cras interdum. Nunc sollicitudin commodo ipsum. Suspendisse non leo. Vivamus nibh dolor, nonummy ac, feugiat non, lobortis quis, pede. Suspendisse dui. Fusce diam nunc, ullamcorper eu, euismod ac, fermentum vel, mauris. Integer sem elit, pharetra ut, pharetra sed, hendrerit a, arcu. Sed et libero. Proin mi. Aliquam gravida mauris ut mi. Duis risus odio, auctor vitae, aliquet nec, imperdiet nec, leo. Morbi neque tellus, imperdiet non, vestibulum nec, euismod in, dolor. Fusce feugiat. Lorem ipsum dolor sit amet, consectetuer adipiscing",2,2,"1.00",93,"2014-05-10 20:54:55",3);
INSERT INTO `task` (`id`,`token`,`title`,`description`,`owner`,`budget_type`,`salary`,`workers`,`deadline`,`promotion`) VALUES (94,"soc91ii4","diam. Pellentesque habitant","ultricies ornare, elit elit fermentum risus, at fringilla purus mauris a nunc. In at pede. Cras vulputate velit eu sem. Pellentesque ut ipsum ac mi eleifend egestas. Sed pharetra, felis eget varius ultrices, mauris ipsum porta elit, a feugiat tellus lorem eu metus. In lorem. Donec elementum, lorem ut aliquam iaculis, lacus pede sagittis augue, eu tempor erat neque non quam. Pellentesque habitant morbi tristique senectus et netus et malesuada fames ac turpis egestas. Aliquam fringilla cursus purus. Nullam scelerisque neque sed sem egestas blandit. Nam nulla magna, malesuada vel, convallis in, cursus et, eros. Proin ultrices. Duis volutpat nunc sit amet metus. Aliquam erat volutpat. Nulla facilisis. Suspendisse commodo tincidunt nibh. Phasellus nulla. Integer vulputate, risus a ultricies adipiscing, enim mi tempor lorem, eget mollis lectus pede et risus. Quisque libero lacus, varius et, euismod et, commodo at, libero. Morbi accumsan laoreet ipsum. Curabitur consequat, lectus sit amet luctus vulputate, nisi sem semper erat, in consectetuer ipsum nunc",3,3,"1.39",79,"2014-05-11 05:56:18",3);
INSERT INTO `task` (`id`,`token`,`title`,`description`,`owner`,`budget_type`,`salary`,`workers`,`deadline`,`promotion`) VALUES (95,"wev80xo5","at lacus. Quisque purus sapien,","aliquet lobortis, nisi nibh lacinia orci, consectetuer euismod est arcu ac orci. Ut semper pretium neque. Morbi quis urna. Nunc quis arcu vel quam dignissim pharetra. Nam ac nulla. In tincidunt congue turpis. In condimentum. Donec at arcu. Vestibulum ante ipsum primis in faucibus orci luctus et ultrices posuere cubilia Curae; Donec tincidunt. Donec vitae erat vel pede blandit congue. In scelerisque scelerisque dui. Suspendisse ac metus vitae velit egestas lacinia. Sed congue, elit sed consequat auctor, nunc nulla vulputate dui, nec tempus mauris erat eget ipsum. Suspendisse sagittis. Nullam vitae diam. Proin dolor. Nulla semper tellus id nunc interdum feugiat. Sed nec metus facilisis lorem tristique aliquet. Phasellus fermentum convallis ligula. Donec luctus aliquet odio. Etiam ligula tortor, dictum eu, placerat eget, venenatis a, magna. Lorem ipsum dolor sit amet, consectetuer adipiscing elit. Etiam laoreet, libero et tristique pellentesque, tellus sem mollis dui, in sodales elit erat vitae risus. Duis a mi fringilla mi lacinia mattis. Integer eu lacus. Quisque imperdiet, erat nonummy ultricies ornare, elit elit fermentum risus, at fringilla purus mauris",1,1,"0.46",75,"2014-09-05 09:16:55",2);
INSERT INTO `task` (`id`,`token`,`title`,`description`,`owner`,`budget_type`,`salary`,`workers`,`deadline`,`promotion`) VALUES (96,"oul95bu2","ante dictum mi, ac mattis","Suspendisse aliquet, sem ut cursus luctus, ipsum leo elementum sem, vitae aliquam eros turpis non enim. Mauris quis turpis vitae purus gravida sagittis. Duis gravida. Praesent eu nulla at sem molestie sodales. Mauris blandit enim consequat purus.",1,3,"1.35",67,"2015-02-11 19:20:50",2);
INSERT INTO `task` (`id`,`token`,`title`,`description`,`owner`,`budget_type`,`salary`,`workers`,`deadline`,`promotion`) VALUES (97,"euh80ra8","luctus sit","Donec at arcu. Vestibulum ante ipsum primis in faucibus orci luctus et ultrices posuere cubilia Curae; Donec tincidunt. Donec vitae erat vel pede blandit congue. In scelerisque scelerisque dui. Suspendisse ac metus vitae velit egestas lacinia. Sed congue, elit sed consequat auctor, nunc nulla vulputate dui, nec tempus mauris erat eget ipsum. Suspendisse sagittis. Nullam vitae diam. Proin dolor. Nulla semper tellus id nunc interdum feugiat. Sed nec metus facilisis lorem tristique aliquet. Phasellus fermentum convallis ligula. Donec luctus aliquet odio. Etiam ligula tortor, dictum eu, placerat eget, venenatis a, magna. Lorem ipsum dolor sit amet, consectetuer adipiscing elit. Etiam laoreet, libero et tristique pellentesque, tellus sem mollis dui, in sodales elit erat vitae risus. Duis a mi fringilla mi lacinia mattis. Integer eu lacus. Quisque imperdiet, erat nonummy ultricies ornare, elit elit fermentum risus, at fringilla purus mauris a nunc. In at pede. Cras vulputate velit eu sem. Pellentesque ut ipsum ac mi eleifend egestas. Sed pharetra, felis eget varius ultrices, mauris ipsum porta elit, a feugiat tellus lorem eu metus. In lorem. Donec elementum, lorem ut aliquam iaculis, lacus pede sagittis augue, eu tempor erat neque non quam. Pellentesque habitant morbi tristique senectus et netus et malesuada fames",2,1,"1.06",42,"2014-09-20 15:49:57",2);
INSERT INTO `task` (`id`,`token`,`title`,`description`,`owner`,`budget_type`,`salary`,`workers`,`deadline`,`promotion`) VALUES (98,"ioo08uu6","fringilla, porttitor vulputate, posuere","elementum, dui quis accumsan convallis, ante lectus convallis est, vitae sodales nisi magna sed dui. Fusce aliquam, enim nec tempus scelerisque, lorem ipsum sodales purus, in molestie tortor nibh sit amet orci. Ut sagittis lobortis mauris. Suspendisse aliquet molestie tellus. Aenean egestas hendrerit neque. In ornare sagittis felis. Donec tempor, est ac mattis semper, dui lectus rutrum urna, nec luctus felis purus ac tellus. Suspendisse sed dolor. Fusce mi lorem, vehicula et, rutrum eu, ultrices sit amet, risus. Donec nibh enim, gravida sit amet, dapibus id, blandit at, nisi. Cum sociis natoque penatibus et magnis dis parturient montes, nascetur ridiculus mus. Proin vel nisl. Quisque fringilla euismod enim. Etiam gravida molestie arcu. Sed eu nibh vulputate mauris sagittis placerat. Cras dictum ultricies ligula. Nullam enim. Sed nulla ante, iaculis nec, eleifend non, dapibus rutrum, justo. Praesent luctus. Curabitur egestas nunc sed libero. Proin sed turpis nec mauris blandit mattis. Cras eget nisi dictum augue",2,1,"1.53",85,"2014-03-16 00:50:23",1);
INSERT INTO `task` (`id`,`token`,`title`,`description`,`owner`,`budget_type`,`salary`,`workers`,`deadline`,`promotion`) VALUES (99,"ric12wi3","ut lacus. Nulla tincidunt, neque vitae","natoque penatibus et magnis dis parturient montes, nascetur ridiculus mus. Proin vel arcu eu odio tristique pharetra. Quisque ac libero nec ligula consectetuer rhoncus. Nullam velit dui, semper et, lacinia vitae, sodales at, velit. Pellentesque ultricies dignissim lacus. Aliquam rutrum lorem ac risus. Morbi metus. Vivamus euismod urna. Nullam lobortis quam a felis ullamcorper viverra. Maecenas iaculis aliquet diam. Sed diam lorem, auctor quis, tristique ac, eleifend vitae, erat. Vivamus nisi. Mauris nulla. Integer urna. Vivamus molestie dapibus ligula. Aliquam erat volutpat. Nulla dignissim. Maecenas ornare egestas ligula. Nullam feugiat placerat velit. Quisque varius. Nam porttitor scelerisque neque. Nullam nisl. Maecenas malesuada fringilla est. Mauris eu turpis. Nulla aliquet. Proin velit. Sed malesuada augue ut lacus. Nulla tincidunt, neque vitae semper egestas, urna justo faucibus lectus, a sollicitudin orci sem eget massa. Suspendisse eleifend. Cras sed leo. Cras vehicula aliquet libero. Integer in magna. Phasellus dolor elit, pellentesque a, facilisis non, bibendum sed, est. Nunc laoreet lectus quis massa. Mauris vestibulum, neque sed dictum eleifend, nunc risus varius orci, in consequat enim diam vel arcu. Curabitur ut odio vel est tempor bibendum. Donec felis orci, adipiscing non, luctus sit amet, faucibus ut, nulla. Cras eu tellus eu",1,2,"0.14",63,"2014-05-22 16:28:16",3);
INSERT INTO `task` (`id`,`token`,`title`,`description`,`owner`,`budget_type`,`salary`,`workers`,`deadline`,`promotion`) VALUES (100,"fam97ai1","viverra.","Donec non justo. Proin non massa non ante bibendum ullamcorper. Duis cursus, diam at pretium aliquet, metus urna convallis erat, eget tincidunt dui augue eu tellus. Phasellus elit pede, malesuada vel, venenatis vel, faucibus id, libero. Donec consectetuer mauris id sapien. Cras dolor dolor, tempus non, lacinia at, iaculis quis, pede. Praesent eu dui. Cum sociis natoque penatibus et magnis dis parturient montes, nascetur ridiculus mus. Aenean eget magna. Suspendisse tristique neque venenatis lacus.",1,3,"1.23",20,"2014-05-11 12:17:03",1);

INSERT INTO task_has_tag (id,task_id,tag_id) VALUES (1,4,4);
INSERT INTO task_has_tag (id,task_id,tag_id) VALUES (2,77,1);
INSERT INTO task_has_tag (id,task_id,tag_id) VALUES (3,40,3);
INSERT INTO task_has_tag (id,task_id,tag_id) VALUES (4,32,13);
INSERT INTO task_has_tag (id,task_id,tag_id) VALUES (5,80,6);
INSERT INTO task_has_tag (id,task_id,tag_id) VALUES (6,56,15);
INSERT INTO task_has_tag (id,task_id,tag_id) VALUES (7,57,11);
INSERT INTO task_has_tag (id,task_id,tag_id) VALUES (8,1,12);
INSERT INTO task_has_tag (id,task_id,tag_id) VALUES (9,18,2);
INSERT INTO task_has_tag (id,task_id,tag_id) VALUES (10,82,15);
INSERT INTO task_has_tag (id,task_id,tag_id) VALUES (11,8,1);
INSERT INTO task_has_tag (id,task_id,tag_id) VALUES (12,12,1);
INSERT INTO task_has_tag (id,task_id,tag_id) VALUES (13,56,13);
INSERT INTO task_has_tag (id,task_id,tag_id) VALUES (14,67,5);
INSERT INTO task_has_tag (id,task_id,tag_id) VALUES (15,36,7);
INSERT INTO task_has_tag (id,task_id,tag_id) VALUES (16,60,12);
INSERT INTO task_has_tag (id,task_id,tag_id) VALUES (17,68,11);
INSERT INTO task_has_tag (id,task_id,tag_id) VALUES (18,64,5);
INSERT INTO task_has_tag (id,task_id,tag_id) VALUES (19,72,3);
INSERT INTO task_has_tag (id,task_id,tag_id) VALUES (20,60,12);
INSERT INTO task_has_tag (id,task_id,tag_id) VALUES (21,12,5);
INSERT INTO task_has_tag (id,task_id,tag_id) VALUES (22,24,15);
INSERT INTO task_has_tag (id,task_id,tag_id) VALUES (23,16,2);
INSERT INTO task_has_tag (id,task_id,tag_id) VALUES (24,32,12);
INSERT INTO task_has_tag (id,task_id,tag_id) VALUES (25,31,14);
INSERT INTO task_has_tag (id,task_id,tag_id) VALUES (26,7,14);
INSERT INTO task_has_tag (id,task_id,tag_id) VALUES (27,58,9);
INSERT INTO task_has_tag (id,task_id,tag_id) VALUES (28,7,7);
INSERT INTO task_has_tag (id,task_id,tag_id) VALUES (29,89,14);
INSERT INTO task_has_tag (id,task_id,tag_id) VALUES (30,50,12);
INSERT INTO task_has_tag (id,task_id,tag_id) VALUES (31,84,3);
INSERT INTO task_has_tag (id,task_id,tag_id) VALUES (32,25,10);
INSERT INTO task_has_tag (id,task_id,tag_id) VALUES (33,62,6);
INSERT INTO task_has_tag (id,task_id,tag_id) VALUES (34,54,2);
INSERT INTO task_has_tag (id,task_id,tag_id) VALUES (35,37,6);
INSERT INTO task_has_tag (id,task_id,tag_id) VALUES (36,38,11);
INSERT INTO task_has_tag (id,task_id,tag_id) VALUES (37,29,9);
INSERT INTO task_has_tag (id,task_id,tag_id) VALUES (38,10,12);
INSERT INTO task_has_tag (id,task_id,tag_id) VALUES (39,74,15);
INSERT INTO task_has_tag (id,task_id,tag_id) VALUES (40,41,8);
INSERT INTO task_has_tag (id,task_id,tag_id) VALUES (41,73,13);
INSERT INTO task_has_tag (id,task_id,tag_id) VALUES (42,47,10);
INSERT INTO task_has_tag (id,task_id,tag_id) VALUES (43,21,1);
INSERT INTO task_has_tag (id,task_id,tag_id) VALUES (44,54,14);
INSERT INTO task_has_tag (id,task_id,tag_id) VALUES (45,91,6);
INSERT INTO task_has_tag (id,task_id,tag_id) VALUES (46,75,6);
INSERT INTO task_has_tag (id,task_id,tag_id) VALUES (47,41,3);
INSERT INTO task_has_tag (id,task_id,tag_id) VALUES (48,67,6);
INSERT INTO task_has_tag (id,task_id,tag_id) VALUES (49,51,7);
INSERT INTO task_has_tag (id,task_id,tag_id) VALUES (50,97,13);
INSERT INTO task_has_tag (id,task_id,tag_id) VALUES (51,56,1);
INSERT INTO task_has_tag (id,task_id,tag_id) VALUES (52,76,10);
INSERT INTO task_has_tag (id,task_id,tag_id) VALUES (53,62,13);
INSERT INTO task_has_tag (id,task_id,tag_id) VALUES (54,72,6);
INSERT INTO task_has_tag (id,task_id,tag_id) VALUES (55,33,10);
INSERT INTO task_has_tag (id,task_id,tag_id) VALUES (56,58,2);
INSERT INTO task_has_tag (id,task_id,tag_id) VALUES (57,86,4);
INSERT INTO task_has_tag (id,task_id,tag_id) VALUES (58,13,14);
INSERT INTO task_has_tag (id,task_id,tag_id) VALUES (59,45,10);
INSERT INTO task_has_tag (id,task_id,tag_id) VALUES (60,24,15);
INSERT INTO task_has_tag (id,task_id,tag_id) VALUES (61,23,11);
INSERT INTO task_has_tag (id,task_id,tag_id) VALUES (62,73,14);
INSERT INTO task_has_tag (id,task_id,tag_id) VALUES (63,37,9);
INSERT INTO task_has_tag (id,task_id,tag_id) VALUES (64,25,10);
INSERT INTO task_has_tag (id,task_id,tag_id) VALUES (65,17,3);
INSERT INTO task_has_tag (id,task_id,tag_id) VALUES (66,29,6);
INSERT INTO task_has_tag (id,task_id,tag_id) VALUES (67,85,12);
INSERT INTO task_has_tag (id,task_id,tag_id) VALUES (68,92,14);
INSERT INTO task_has_tag (id,task_id,tag_id) VALUES (69,30,8);
INSERT INTO task_has_tag (id,task_id,tag_id) VALUES (70,96,8);
INSERT INTO task_has_tag (id,task_id,tag_id) VALUES (71,91,1);
INSERT INTO task_has_tag (id,task_id,tag_id) VALUES (72,57,1);
INSERT INTO task_has_tag (id,task_id,tag_id) VALUES (73,60,10);
INSERT INTO task_has_tag (id,task_id,tag_id) VALUES (74,50,14);
INSERT INTO task_has_tag (id,task_id,tag_id) VALUES (75,28,14);
INSERT INTO task_has_tag (id,task_id,tag_id) VALUES (76,74,11);
INSERT INTO task_has_tag (id,task_id,tag_id) VALUES (77,28,2);
INSERT INTO task_has_tag (id,task_id,tag_id) VALUES (78,53,9);
INSERT INTO task_has_tag (id,task_id,tag_id) VALUES (79,2,12);
INSERT INTO task_has_tag (id,task_id,tag_id) VALUES (80,25,7);
INSERT INTO task_has_tag (id,task_id,tag_id) VALUES (81,87,11);
INSERT INTO task_has_tag (id,task_id,tag_id) VALUES (82,58,5);
INSERT INTO task_has_tag (id,task_id,tag_id) VALUES (83,70,12);
INSERT INTO task_has_tag (id,task_id,tag_id) VALUES (84,85,6);
INSERT INTO task_has_tag (id,task_id,tag_id) VALUES (85,84,5);
INSERT INTO task_has_tag (id,task_id,tag_id) VALUES (86,16,2);
INSERT INTO task_has_tag (id,task_id,tag_id) VALUES (87,94,10);
INSERT INTO task_has_tag (id,task_id,tag_id) VALUES (88,77,4);
INSERT INTO task_has_tag (id,task_id,tag_id) VALUES (89,29,3);
INSERT INTO task_has_tag (id,task_id,tag_id) VALUES (90,68,6);
INSERT INTO task_has_tag (id,task_id,tag_id) VALUES (91,3,9);
INSERT INTO task_has_tag (id,task_id,tag_id) VALUES (92,24,6);
INSERT INTO task_has_tag (id,task_id,tag_id) VALUES (93,44,3);
INSERT INTO task_has_tag (id,task_id,tag_id) VALUES (94,14,4);
INSERT INTO task_has_tag (id,task_id,tag_id) VALUES (95,6,3);
INSERT INTO task_has_tag (id,task_id,tag_id) VALUES (96,23,6);
INSERT INTO task_has_tag (id,task_id,tag_id) VALUES (97,44,14);
INSERT INTO task_has_tag (id,task_id,tag_id) VALUES (98,27,1);
INSERT INTO task_has_tag (id,task_id,tag_id) VALUES (99,96,12);
INSERT INTO task_has_tag (id,task_id,tag_id) VALUES (100,79,13);


INSERT INTO `budget` (`id`,`user_id`,`task_id`,`fee`,`budget`,`commission`,`promotion`) VALUES (1,3,1,0.50,1.68,0.084,0.0504);
INSERT INTO `budget` (`id`,`user_id`,`task_id`,`fee`,`budget`,`commission`,`promotion`) VALUES (2,1,2,0.50,0.27,0.0135,0);
INSERT INTO `budget` (`id`,`user_id`,`task_id`,`fee`,`budget`,`commission`,`promotion`) VALUES (3,3,3,0.50,1.88,0.094,0.0564);
INSERT INTO `budget` (`id`,`user_id`,`task_id`,`fee`,`budget`,`commission`,`promotion`) VALUES (4,3,4,0.50,0.4,0.02,0.028);
INSERT INTO `budget` (`id`,`user_id`,`task_id`,`fee`,`budget`,`commission`,`promotion`) VALUES (5,3,5,0.50,1.29,0.0645,0);
INSERT INTO `budget` (`id`,`user_id`,`task_id`,`fee`,`budget`,`commission`,`promotion`) VALUES (6,3,6,0.50,1.95,0.0975,0.0585);
INSERT INTO `budget` (`id`,`user_id`,`task_id`,`fee`,`budget`,`commission`,`promotion`) VALUES (7,2,7,0.50,1.3,0.065,0.091);
INSERT INTO `budget` (`id`,`user_id`,`task_id`,`fee`,`budget`,`commission`,`promotion`) VALUES (8,1,8,0.50,1.04,0.052,0.0312);
INSERT INTO `budget` (`id`,`user_id`,`task_id`,`fee`,`budget`,`commission`,`promotion`) VALUES (9,3,9,0.50,0.83,0.0415,0.0581);
INSERT INTO `budget` (`id`,`user_id`,`task_id`,`fee`,`budget`,`commission`,`promotion`) VALUES (10,1,10,0.50,0.7,0.035,0.035);
INSERT INTO `budget` (`id`,`user_id`,`task_id`,`fee`,`budget`,`commission`,`promotion`) VALUES (11,3,11,0.50,1.5,0.075,0.075);
INSERT INTO `budget` (`id`,`user_id`,`task_id`,`fee`,`budget`,`commission`,`promotion`) VALUES (12,3,12,0.50,15.2,0.76,1.064);
INSERT INTO `budget` (`id`,`user_id`,`task_id`,`fee`,`budget`,`commission`,`promotion`) VALUES (13,3,13,0.50,48.51,2.4255,0);
INSERT INTO `budget` (`id`,`user_id`,`task_id`,`fee`,`budget`,`commission`,`promotion`) VALUES (14,1,14,0.50,1.8,0.09,0.126);
INSERT INTO `budget` (`id`,`user_id`,`task_id`,`fee`,`budget`,`commission`,`promotion`) VALUES (15,3,15,0.50,0.53,0.0265,0.0371);
INSERT INTO `budget` (`id`,`user_id`,`task_id`,`fee`,`budget`,`commission`,`promotion`) VALUES (16,3,16,0.50,0.79,0.0395,0.0553);
INSERT INTO `budget` (`id`,`user_id`,`task_id`,`fee`,`budget`,`commission`,`promotion`) VALUES (17,3,17,0.50,94.72,4.736,0);
INSERT INTO `budget` (`id`,`user_id`,`task_id`,`fee`,`budget`,`commission`,`promotion`) VALUES (18,2,18,0.50,0.46,0.023,0.0322);
INSERT INTO `budget` (`id`,`user_id`,`task_id`,`fee`,`budget`,`commission`,`promotion`) VALUES (19,1,19,0.50,1.84,0.092,0.1288);
INSERT INTO `budget` (`id`,`user_id`,`task_id`,`fee`,`budget`,`commission`,`promotion`) VALUES (20,2,20,0.50,0.66,0.033,0.033);
INSERT INTO `budget` (`id`,`user_id`,`task_id`,`fee`,`budget`,`commission`,`promotion`) VALUES (21,1,21,0.50,1.4,0.07,0.042);
INSERT INTO `budget` (`id`,`user_id`,`task_id`,`fee`,`budget`,`commission`,`promotion`) VALUES (22,3,22,0.50,8.71,0.4355,0.4355);
INSERT INTO `budget` (`id`,`user_id`,`task_id`,`fee`,`budget`,`commission`,`promotion`) VALUES (23,2,23,0.50,12.5,0.625,0.875);
INSERT INTO `budget` (`id`,`user_id`,`task_id`,`fee`,`budget`,`commission`,`promotion`) VALUES (24,3,24,0.50,50.05,2.5025,2.5025);
INSERT INTO `budget` (`id`,`user_id`,`task_id`,`fee`,`budget`,`commission`,`promotion`) VALUES (25,2,25,0.50,17,0.85,0.85);
INSERT INTO `budget` (`id`,`user_id`,`task_id`,`fee`,`budget`,`commission`,`promotion`) VALUES (26,1,26,0.50,0.35,0.0175,0.0105);
INSERT INTO `budget` (`id`,`user_id`,`task_id`,`fee`,`budget`,`commission`,`promotion`) VALUES (27,2,27,0.50,12,0.6,0.36);
INSERT INTO `budget` (`id`,`user_id`,`task_id`,`fee`,`budget`,`commission`,`promotion`) VALUES (28,2,28,0.50,102.2,5.11,7.154);
INSERT INTO `budget` (`id`,`user_id`,`task_id`,`fee`,`budget`,`commission`,`promotion`) VALUES (29,2,29,0.50,0.71,0.0355,0.0497);
INSERT INTO `budget` (`id`,`user_id`,`task_id`,`fee`,`budget`,`commission`,`promotion`) VALUES (30,1,30,0.50,92.16,4.608,4.608);
INSERT INTO `budget` (`id`,`user_id`,`task_id`,`fee`,`budget`,`commission`,`promotion`) VALUES (31,1,31,0.50,0.2,0.01,0);
INSERT INTO `budget` (`id`,`user_id`,`task_id`,`fee`,`budget`,`commission`,`promotion`) VALUES (32,3,32,0.50,2.48,0.124,0.1736);
INSERT INTO `budget` (`id`,`user_id`,`task_id`,`fee`,`budget`,`commission`,`promotion`) VALUES (33,1,33,0.50,0.86,0.043,0.043);
INSERT INTO `budget` (`id`,`user_id`,`task_id`,`fee`,`budget`,`commission`,`promotion`) VALUES (34,3,34,0.50,5.76,0.288,0.1728);
INSERT INTO `budget` (`id`,`user_id`,`task_id`,`fee`,`budget`,`commission`,`promotion`) VALUES (35,2,35,0.50,20.68,1.034,1.4476);
INSERT INTO `budget` (`id`,`user_id`,`task_id`,`fee`,`budget`,`commission`,`promotion`) VALUES (36,2,36,0.50,16.6,0.83,1.162);
INSERT INTO `budget` (`id`,`user_id`,`task_id`,`fee`,`budget`,`commission`,`promotion`) VALUES (37,1,37,0.50,17.4,0.87,1.218);
INSERT INTO `budget` (`id`,`user_id`,`task_id`,`fee`,`budget`,`commission`,`promotion`) VALUES (38,1,38,0.50,0.49,0.0245,0.0343);
INSERT INTO `budget` (`id`,`user_id`,`task_id`,`fee`,`budget`,`commission`,`promotion`) VALUES (39,2,39,0.50,28.05,1.4025,0);
INSERT INTO `budget` (`id`,`user_id`,`task_id`,`fee`,`budget`,`commission`,`promotion`) VALUES (40,1,40,0.50,1.38,0.069,0);
INSERT INTO `budget` (`id`,`user_id`,`task_id`,`fee`,`budget`,`commission`,`promotion`) VALUES (41,2,41,0.50,69.35,3.4675,0);
INSERT INTO `budget` (`id`,`user_id`,`task_id`,`fee`,`budget`,`commission`,`promotion`) VALUES (42,3,42,0.50,0.5,0.025,0.015);
INSERT INTO `budget` (`id`,`user_id`,`task_id`,`fee`,`budget`,`commission`,`promotion`) VALUES (43,2,43,0.50,17.1,0.855,1.197);
INSERT INTO `budget` (`id`,`user_id`,`task_id`,`fee`,`budget`,`commission`,`promotion`) VALUES (44,2,44,0.50,7.7,0.385,0.539);
INSERT INTO `budget` (`id`,`user_id`,`task_id`,`fee`,`budget`,`commission`,`promotion`) VALUES (45,1,45,0.50,143.82,7.191,0);
INSERT INTO `budget` (`id`,`user_id`,`task_id`,`fee`,`budget`,`commission`,`promotion`) VALUES (46,2,46,0.50,2,0.1,0.1);
INSERT INTO `budget` (`id`,`user_id`,`task_id`,`fee`,`budget`,`commission`,`promotion`) VALUES (47,1,47,0.50,10.7,0.535,0.321);
INSERT INTO `budget` (`id`,`user_id`,`task_id`,`fee`,`budget`,`commission`,`promotion`) VALUES (48,3,48,0.50,1.75,0.0875,0.0525);
INSERT INTO `budget` (`id`,`user_id`,`task_id`,`fee`,`budget`,`commission`,`promotion`) VALUES (49,1,49,0.50,132.03,6.6015,9.2421);
INSERT INTO `budget` (`id`,`user_id`,`task_id`,`fee`,`budget`,`commission`,`promotion`) VALUES (50,1,50,0.50,4.9,0.245,0);
INSERT INTO `budget` (`id`,`user_id`,`task_id`,`fee`,`budget`,`commission`,`promotion`) VALUES (51,2,51,0.50,17.2,0.86,0.86);
INSERT INTO `budget` (`id`,`user_id`,`task_id`,`fee`,`budget`,`commission`,`promotion`) VALUES (52,2,52,0.50,14.94,0.747,0);
INSERT INTO `budget` (`id`,`user_id`,`task_id`,`fee`,`budget`,`commission`,`promotion`) VALUES (53,1,53,0.50,1.58,0.079,0);
INSERT INTO `budget` (`id`,`user_id`,`task_id`,`fee`,`budget`,`commission`,`promotion`) VALUES (54,3,54,0.50,6.24,0.312,0);
INSERT INTO `budget` (`id`,`user_id`,`task_id`,`fee`,`budget`,`commission`,`promotion`) VALUES (55,1,55,0.50,66.96,3.348,2.0088);
INSERT INTO `budget` (`id`,`user_id`,`task_id`,`fee`,`budget`,`commission`,`promotion`) VALUES (56,1,56,0.50,0.19,0.0095,0.0133);
INSERT INTO `budget` (`id`,`user_id`,`task_id`,`fee`,`budget`,`commission`,`promotion`) VALUES (57,1,57,0.50,0.4,0.02,0.02);
INSERT INTO `budget` (`id`,`user_id`,`task_id`,`fee`,`budget`,`commission`,`promotion`) VALUES (58,3,58,0.50,0.67,0.0335,0);
INSERT INTO `budget` (`id`,`user_id`,`task_id`,`fee`,`budget`,`commission`,`promotion`) VALUES (59,2,59,0.50,110.08,5.504,7.7056);
INSERT INTO `budget` (`id`,`user_id`,`task_id`,`fee`,`budget`,`commission`,`promotion`) VALUES (60,3,60,0.50,50.32,2.516,3.5224);
INSERT INTO `budget` (`id`,`user_id`,`task_id`,`fee`,`budget`,`commission`,`promotion`) VALUES (61,3,61,0.50,3.4,0.17,0.238);
INSERT INTO `budget` (`id`,`user_id`,`task_id`,`fee`,`budget`,`commission`,`promotion`) VALUES (62,2,62,0.50,1.8,0.09,0.126);
INSERT INTO `budget` (`id`,`user_id`,`task_id`,`fee`,`budget`,`commission`,`promotion`) VALUES (63,1,63,0.50,14.2,0.71,0.426);
INSERT INTO `budget` (`id`,`user_id`,`task_id`,`fee`,`budget`,`commission`,`promotion`) VALUES (64,1,64,0.50,6.3,0.315,0.189);
INSERT INTO `budget` (`id`,`user_id`,`task_id`,`fee`,`budget`,`commission`,`promotion`) VALUES (65,2,65,0.50,2.5,0.125,0.175);
INSERT INTO `budget` (`id`,`user_id`,`task_id`,`fee`,`budget`,`commission`,`promotion`) VALUES (66,2,66,0.50,0.6,0.03,0.03);
INSERT INTO `budget` (`id`,`user_id`,`task_id`,`fee`,`budget`,`commission`,`promotion`) VALUES (67,3,67,0.50,6.16,0.308,0.4312);
INSERT INTO `budget` (`id`,`user_id`,`task_id`,`fee`,`budget`,`commission`,`promotion`) VALUES (68,1,68,0.50,0.69,0.0345,0.0483);
INSERT INTO `budget` (`id`,`user_id`,`task_id`,`fee`,`budget`,`commission`,`promotion`) VALUES (69,2,69,0.50,3.7,0.185,0.259);
INSERT INTO `budget` (`id`,`user_id`,`task_id`,`fee`,`budget`,`commission`,`promotion`) VALUES (70,2,70,0.50,124.8,6.24,6.24);
INSERT INTO `budget` (`id`,`user_id`,`task_id`,`fee`,`budget`,`commission`,`promotion`) VALUES (71,1,71,0.50,2.64,0.132,0.1848);
INSERT INTO `budget` (`id`,`user_id`,`task_id`,`fee`,`budget`,`commission`,`promotion`) VALUES (72,3,72,0.50,10.1,0.505,0.505);
INSERT INTO `budget` (`id`,`user_id`,`task_id`,`fee`,`budget`,`commission`,`promotion`) VALUES (73,2,73,0.50,1.32,0.066,0.0396);
INSERT INTO `budget` (`id`,`user_id`,`task_id`,`fee`,`budget`,`commission`,`promotion`) VALUES (74,2,74,0.50,1.93,0.0965,0.1351);
INSERT INTO `budget` (`id`,`user_id`,`task_id`,`fee`,`budget`,`commission`,`promotion`) VALUES (75,3,75,0.50,1.07,0.0535,0.0749);
INSERT INTO `budget` (`id`,`user_id`,`task_id`,`fee`,`budget`,`commission`,`promotion`) VALUES (76,1,76,0.50,17.4,0.87,1.218);
INSERT INTO `budget` (`id`,`user_id`,`task_id`,`fee`,`budget`,`commission`,`promotion`) VALUES (77,3,77,0.50,1.05,0.0525,0.0525);
INSERT INTO `budget` (`id`,`user_id`,`task_id`,`fee`,`budget`,`commission`,`promotion`) VALUES (78,3,78,0.50,1.46,0.073,0);
INSERT INTO `budget` (`id`,`user_id`,`task_id`,`fee`,`budget`,`commission`,`promotion`) VALUES (79,2,79,0.50,12.1,0.605,0);
INSERT INTO `budget` (`id`,`user_id`,`task_id`,`fee`,`budget`,`commission`,`promotion`) VALUES (80,3,80,0.50,8.4,0.42,0.588);
INSERT INTO `budget` (`id`,`user_id`,`task_id`,`fee`,`budget`,`commission`,`promotion`) VALUES (81,1,81,0.50,1.13,0.0565,0.0791);
INSERT INTO `budget` (`id`,`user_id`,`task_id`,`fee`,`budget`,`commission`,`promotion`) VALUES (82,3,82,0.50,6.45,0.3225,0.4515);
INSERT INTO `budget` (`id`,`user_id`,`task_id`,`fee`,`budget`,`commission`,`promotion`) VALUES (83,1,83,0.50,13.3,0.665,0.931);
INSERT INTO `budget` (`id`,`user_id`,`task_id`,`fee`,`budget`,`commission`,`promotion`) VALUES (84,1,84,0.50,0.58,0.029,0.0406);
INSERT INTO `budget` (`id`,`user_id`,`task_id`,`fee`,`budget`,`commission`,`promotion`) VALUES (85,3,85,0.50,14.5,0.725,0.435);
INSERT INTO `budget` (`id`,`user_id`,`task_id`,`fee`,`budget`,`commission`,`promotion`) VALUES (86,3,86,0.50,52.2,2.61,0);
INSERT INTO `budget` (`id`,`user_id`,`task_id`,`fee`,`budget`,`commission`,`promotion`) VALUES (87,3,87,0.50,0.67,0.0335,0.0335);
INSERT INTO `budget` (`id`,`user_id`,`task_id`,`fee`,`budget`,`commission`,`promotion`) VALUES (88,3,88,0.50,1.26,0.063,0.063);
INSERT INTO `budget` (`id`,`user_id`,`task_id`,`fee`,`budget`,`commission`,`promotion`) VALUES (89,1,89,0.50,12.8,0.64,0);
INSERT INTO `budget` (`id`,`user_id`,`task_id`,`fee`,`budget`,`commission`,`promotion`) VALUES (90,2,90,0.50,97.2,4.86,2.916);
INSERT INTO `budget` (`id`,`user_id`,`task_id`,`fee`,`budget`,`commission`,`promotion`) VALUES (91,2,91,0.50,0.93,0.0465,0.0651);
INSERT INTO `budget` (`id`,`user_id`,`task_id`,`fee`,`budget`,`commission`,`promotion`) VALUES (92,3,92,0.50,4.26,0.213,0);
INSERT INTO `budget` (`id`,`user_id`,`task_id`,`fee`,`budget`,`commission`,`promotion`) VALUES (93,1,93,0.50,10,0.5,0.7);
INSERT INTO `budget` (`id`,`user_id`,`task_id`,`fee`,`budget`,`commission`,`promotion`) VALUES (94,2,94,0.50,109.81,5.4905,7.6867);
INSERT INTO `budget` (`id`,`user_id`,`task_id`,`fee`,`budget`,`commission`,`promotion`) VALUES (95,2,95,0.50,0.46,0.023,0.023);
INSERT INTO `budget` (`id`,`user_id`,`task_id`,`fee`,`budget`,`commission`,`promotion`) VALUES (96,3,96,0.50,90.45,4.5225,4.5225);
INSERT INTO `budget` (`id`,`user_id`,`task_id`,`fee`,`budget`,`commission`,`promotion`) VALUES (97,2,97,0.50,1.06,0.053,0.053);
INSERT INTO `budget` (`id`,`user_id`,`task_id`,`fee`,`budget`,`commission`,`promotion`) VALUES (98,3,98,0.50,1.53,0.0765,0.0459);
INSERT INTO `budget` (`id`,`user_id`,`task_id`,`fee`,`budget`,`commission`,`promotion`) VALUES (99,1,99,0.50,1.4,0.07,0.098);
INSERT INTO `budget` (`id`,`user_id`,`task_id`,`fee`,`budget`,`commission`,`promotion`) VALUES (100,2,100,0.50,24.6,1.23,0.738);
